112.803,Monika ROSSI
152.71,Alexander SCHULZ
106.647,Vladymyr SMITH
21.806,Robert HANSEN
56.612,Juan BAUER
13.636,Patrick TAYLOR
21.512,Michael ALONSO
52.01,Marina JENSEN
215.51,Vera WEBER
51.281,Darya VOLKOVA
5.987,Anastasiya MARIN
2.148,Francesco JOHANSSON
16.092,Monika GONZALEZ
129.911,Nikolay KLEIN
54.449,Marina SMIRNOV
23.446,Evgeniy SCHULZ
5.121,Valentyna KOVALENKO
105.42,Rosa JONES
55.077,Maksim BECKER
7.46,Aleksandr IVANOV
45.321,Brigitte BECKER
48.461,Francesco PEREZ
32.435,Petra WEBER
243.061,Alexander JENSEN
23.16,Christine SZABÓ
192.801,Giuseppe FERNANDEZ
5.67,Richard DAVIES
99.841,Nikolay GOMEZ
38.299,Manfred ROSSI
36.497,Thomas BECKER
39.526,Wolfgang ALVAREZ
37.049,Anastasiya JIMENEZ
27.114,Christine SMIRNOVA
19.117,Alexander SMIRNOV
5.121,Hans SCHMID
33.923,Serhei ALVAREZ
303.268,Marie MARTIN
179.723,Marina POPOVA
12.655,Vladymyr MOROZOVA
33.308,Christian IVANOVA
14.907,Daniel ROMERO
17.33,Roman RUIZ
99.81,Richard NAGY
30.029,Wolfgang RODRIGUEZ
157.664,Klaus COSTA
66.591,Mariya ALVAREZ
35.223,Thomas PEREIRA
92.206,Marina WOLF
5.152,Nikolay MILLER
25.882,Yuliya JOHNSON
228.943,Thomas MARIN
6.013,Igor FISCHER
274.629,Nadezhda PEREZ
102.663,Richard WILLIAMS
49.431,Serhei NAGY
42.604,Serhei MILLER
5.529,Brigitte MARTIN
39.264,Vladymyr MUÑOZ
32.603,Robert SANCHEZ
33.289,Karin JENSEN
65.027,Marta MARTIN
20.578,Peter DIAZ
8.894,Maria SZABÓ
22.538,Alexander PETROV
98.023,Evgeniy FERNANDEZ
38.467,Sandra NAVARRO
27.189,Juan IVANOVA
32.067,Anton SMITH
23.918,Andrea SMIRNOV
29.632,Ivan NAVARRO
21.818,Natalya KOCH
89.164,Sandra WAGNER
293.119,Maksim JOHNSON
40.102,Jose FERREIRA
5.697,Marie ROBERTS
16.321,Giovanni WAGNER
59.658,Mario MOROZOVA
17.187,David MARTIN
18.402,Aleksandr WILSON
134.805,Andreas WOLF
69.792,Manfred BAUER
153.051,Anne WOLF
63.583,Eva ROSSI
72.877,Richard IVANOV
10.529,Anton BECKER
136.859,Tatiana ROMERO
12.519,Michel ZIMMERMANN
35.643,Maksim SCHMID
55.49,Peter BAUER
33.414,Elisabeth NOWAK
16.544,Mario MARTIN
51.5,Piotr MARIN
5.589,Paul FERNANDEZ
274.956,Giuseppe KLEIN
46.59,Brigitte BONDARENKO
54.727,Mária MÜLLER
30.994,Martin JOHANSSON
3.943,Anna WAGNER
59.928,Nykolai SCHULZ
50.779,Nadezhda SCHNEIDER
84.263,Vladymyr HUBER
28.512,Igor SMITH
67.001,Anna ROSSI
35.366,Olga JOHANSSON
56.715,Nykolai RODRIGUEZ
8.708,Denis JIMENEZ
4.503,Pavel WEBER
44.535,Michel HANSEN
43.532,Angela BONDARENKO
14.987,Nikolay BECKER
182.865,Aleksandra KOCH
15.341,David EVANS
67.158,Svetlana JOHNSON
43.519,Wolfgang RAMOS
154.711,Vera BRAUN
292.287,Eva ROMERO
14.152,Andreas MEYER
62.339,Aleksandra RAMOS
355.967,Anne MEYER
134.547,Pavel SCHMIDT
13.821,Martin HANSEN
6.863,Nikolay TORRES
23.382,Andrea SANTOS
128.2,Hans MILLER
2.859,Francisco KOCH
37.952,Jan SANTOS
23.101,Barbara COSTA
235.667,Tatyana POPOVA
18.455,Svetlana EVANS
5.01,Yuliya BRAUN
31.306,Vladymyr FERNANDEZ
3.368,Karin PETROV
17.248,Denis ZIMMERMANN
2.879,Tatyana MEIER
32.265,Giuseppe COSTA
118.729,Maksim BROWN
78.662,Vera WILSON
123.805,Thomas SANTOS
42.975,Maksim ROSSI
25.529,Marie POPOV
68.557,Mario JIMENEZ
19.942,Roman SILVA
10.113,Mario PEREZ
62.668,Brigitte BROWN
125.767,Igor KOVALENKO
92.484,Vladimir MILLER
5.684,Christine SANCHEZ
80.46,Marta COSTA
16.477,Mária SANTOS
98.677,Karin SIMON
93.897,Andrey KOVÁCS
96.945,Roman GOMEZ
47.323,Andrei MORENO
51.019,Christian BRAUN
93.99,Werner SCHÄFER
34.599,David NOWAK
70.906,Eva IVANOVA
30.797,Marta MOROZOVA
102.212,Anton KRAVCHENKO
3.172,Tatiana LOPEZ
8.37,Roman MAGOMEDOV
32.481,Andrea BRAUN
14.29,Michel MILLER
86.899,Olha IVANOV
74.39,Yuliya WILSON
80.561,Sandra PETROV
174.307,Igor SCHÄFER
101.762,Elena KLEIN
28.675,Aleksandra NOWAK
142.819,Richard PAVLOVA
45.16,Christian HOFFMANN
17.081,Olha SMIRNOV
76.877,Michel VOLKOVA
12.705,Elisabeth MOROZOVA
12.431,Marie KRAVCHENKO
9.898,Francisco SMIRNOV
202.004,Anna GARCIA
67.019,Pavel RICHTER
19.748,Nikolay SANTOS
209.521,Andreas KOCH
60.126,Maryia JIMENEZ
41.712,Anne KOCH
2.787,Francesco EVANS
128.841,Andrea SHEVCHENKO
178.297,Anastasiya PETROVA
70.101,Thomas KOVALENKO
177.857,Elena KUZNETSOV
105.386,Petra FERRARI
57.038,Nykolai FERREIRA
87.905,Klaus GARCIA
43.973,Jan RUSSO
61.271,Elisabeth PETROV
103.312,Manfred IVANOVA
26.018,Paul ROBERTS
15.278,Lyubov ALONSO
26.2,Vera JONES
54.528,Nykolai BONDARENKO
126.102,Paul DAVIES
11.397,Peter BECKER
34.089,Juan BROWN
72.203,Claude ROMERO
19.792,Hans SANTOS
38.751,Vasylyi MILLER
25.62,Paul COSTA
5.41,Petra KOVALENKO
37.645,Aleksandra IVANOVA
43.417,Natalya RUIZ
99.04,Alexander EVANS
20.501,Martin DAVIES
797.893,Mario RODRIGUEZ
140.289,Peter SCHULZ
55.321,Olga DAVIES
35.638,Antonio MARIN
54.812,Mikhail WAGNER
32.898,Maryia PETROV
4.059,Elisabeth TÓTH
14.582,Darya ALONSO
3.851,Robert FERNANDEZ
67.414,Patrick SCHMIDT
106.008,Alina JONES
107.943,Mikhail TAYLOR
5.05,Nikolay RICHTER
32.033,Irina FERNANDEZ
19.783,Jan HOFFMANN
9.526,Richard MOROZOVA
21.304,Petra KOVÁCS
88.719,Vladymyr KRAVCHENKO
49.484,Andrea HOFFMANN
31.209,David PEREZ
58.537,Mária KARLSSON
6.58,Tatyana ROMERO
76.865,Tatiana SMIRNOVA
465.183,Jan SZABÓ
26.042,Igor KOVÁCS
40.634,Vera TORRES
18.01,Valentyna RODRIGUEZ
3.019,David KUZNETSOV
44.363,Maksim HOFFMANN
69.168,Mario SCHULZ
4.761,Marta DAVIES
57.256,Andrea SZABÓ
55.024,Giuseppe JOHANSSON
7.714,Elena MARTINEZ
72.089,Andreas JIMENEZ
94.821,Giovanni RICHTER
74.627,Anne JIMENEZ
7.734,Natalya KUZNETSOVA
16.034,Dmitriy MEYER
164.138,David PETROV
12.525,Nikolay MARTIN
16.758,Wolfgang MILLER
30.438,Elisabeth WAGNER
85.598,Mario MILLER
91.258,Sergey PETROV
164.582,Irina KRAVCHENKO
63.795,Christian PEREIRA
23.905,Anna MAGOMEDOV
2.57,Klaus GUTIERREZ
4.709,Ana DAVIES
42.452,Aleksandra NIELSEN
21.131,Jean PETROV
49.765,Andrea BAUER
108.872,Pavel ALONSO
29.288,Mária KOCH
18.019,Christine MARIN
68.212,Robert JOHNSON
73.624,Olga DIAZ
60.752,Sergey MEYER
11.596,Laura MORENO
5.609,Manfred SCHMID
104.474,Maria MILLER
4.103,Tatiana GARCIA
61.479,Barbara ROSSI
8.153,Anne WAGNER
44.46,Andrea IVANOV
78.666,Marta SMITH
56.713,Vladimir ROSSI
106.227,David KRAVCHENKO
20.437,Manfred MILLER
43.037,Monika BAUER
58.481,Nadezhda JOHANSSON
16.655,Igor MARIN
39.903,Jan IVANOV
26.664,Roman RAMOS
19.601,Laura LOPEZ
91.948,Tatyana VASILEVA
78.164,Ana HANSEN
98.331,Elisabeth GOMEZ
42.423,Andrey SMIRNOV
24.856,Sandra FERREIRA
33.275,Giovanni FERREIRA
61.007,Evgeniy KOVÁCS
34.56,Karin TÓTH
75.213,Maria BROWN
43.512,Svetlana SMIRNOV
32.622,Sergey JOHANSSON
27.397,Marina GONZALEZ
6.969,Sandra JOHNSON
102.369,Giovanni JOHNSON
29.799,Monika FERRARI
46.462,Marina VOLKOVA
10.087,Juan WOLF
35.819,Denis MORENO
12.421,Mariya FERREIRA
49.841,Marta NIELSEN
5.637,Denis MEYER
16.96,Vasylyi KRAVCHENKO
18.614,Evgeniy MILLER
59.583,Marina ROMERO
16.187,John PAVLOVA
104.173,Juan NOWAK
48.649,David BECKER
8.538,Maria SOKOLOVA
6.205,Daniel FERREIRA
20.197,Tatyana SCHULZ
17.619,Maryia KOVALENKO
1.993,Petra RODRIGUEZ
3.711,Lyubov MARTINEZ
268.977,Peter SHEVCHENKO
12.107,Olga MAGOMEDOV
23.316,Aleksandr NOVIKOVA
25.656,Juan MEIER
163.796,Svetlana SOKOLOVA
9.321,Svetlana SANCHEZ
25.424,Mária JENSEN
74.243,Jean MEYER
103.697,Vasylyi KUZNETSOV
255.636,Juan SIMON
118.72,Francesco GARCIA
25.407,Josef WAGNER
70.034,Nykolai WAGNER
7.791,Marina TAYLOR
58.858,Thomas NAGY
35.043,Mariya VOLKOVA
20.418,Christine ROSSI
40.455,Ivan WILSON
83.191,John RODRIGUEZ
43.669,Anastasiya ROSSI
61.339,Aleksandra BRAUN
89.339,Ekaterina LOPEZ
76.827,Daniel SILVA
6.21,Nadezhda JENSEN
51.093,Claude SHEVCHENKO
120.974,Mária WILSON
32.141,Karin RAMOS
9.093,Robert BONDARENKO
24.887,Denis SCHMIDT
51.142,Richard COSTA
15.302,Barbara MEIER
104.713,Patrick KLEIN
29.239,Nykolai JIMENEZ
2.685,Anne MAGOMEDOV
77.732,Giovanni SCHÄFER
6.089,Josef JIMENEZ
41.747,Igor EVANS
42.961,Anastasiya SZABÓ
117.497,Christine KUZNETSOV
16.741,Claude MARTINEZ
13.852,Piotr SCHÄFER
43.5,Michel DAVIES
3.637,Martin PETROVA
78.807,Christian JOHANSSON
132.069,Juan VASILEVA
69.739,Yuliya KOVALENKO
169.354,Andrey SOKOLOVA
90.969,Valentyna NOVIKOVA
22.192,Vasylyi RUSSO
94.535,David SMIRNOVA
13.682,Tatyana HERNANDEZ
9.758,Elisabeth MARTINEZ
96.158,Andrei RICHTER
45.204,Marie MARTINEZ
239.735,Barbara NAGY
21.996,Maria BECKER
10.724,Manfred SCHNEIDER
2.256,Eva NIELSEN
149.665,Manfred FERRARI
12.561,Aleksandr MÜLLER
40.841,Patrick KRAVCHENKO
32.337,Patrick VASILEVA
389.498,Evgeniy FISCHER
50.856,Aleksandr NOWAK
20.565,Denis DIAZ
9.354,Claude RODRIGUEZ
24.685,Aleksandra NAGY
58.275,Olga SHEVCHENKO
298.239,Yuliya RUIZ
13.959,Tatyana EVANS
26.966,Andrey TÓTH
94.174,Olga ZIMMERMANN
8.281,Roman HERNANDEZ
83.625,Christian NAVARRO
125.21,Denis NOVIKOVA
49.736,Peter MORENO
216.775,Vladymyr SIMON
50.936,Christian IVANOV
9.222,Marina POPOV
132.904,Evgeniy SMITH
13.274,Mikhail RODRIGUEZ
45.358,Aleksandra VOLKOVA
69.112,Andrey BROWN
201.619,Richard RAMOS
170.47,David POPOVA
34.791,Giuseppe VASILEVA
12.636,Hans NAGY
16.477,Vera SMITH
2.743,Maryia SIMON
129.805,Tomasz FERNANDEZ
30.012,Nykolai MORENO
134.424,Olga TORRES
21.103,Sergey VASILEVA
43.94,Martin TORRES
42.034,Roman ALVAREZ
81.092,Michel FISCHER
11.61,Darya SMIRNOVA
29.488,Claude KOVALENKO
230.102,Andrey POPOVA
43.038,Antonio KARLSSON
42.572,Vera KLEIN
23.623,Irina COSTA
209.103,Denis PEREIRA
24.986,Marta SANTOS
10.24,Marie SILVA
53.713,Angela MUÑOZ
13.769,Yuliya SMITH
149.686,John GUTIERREZ
244.473,Nadezhda VASILEVA
18.933,Francisco ROSSI
23.265,Aleksandra HOFFMANN
112.692,Michel BAUER
28.512,Yvan POPOVA
92.089,Elena THOMAS
95.725,Anton BONDARENKO
16.068,Patrick MILLER
62.594,Mario VARGA
148.379,Klaus KARLSSON
119.519,Mario FERNANDEZ
11.096,Jan SOKOLOVA
58.918,Andrea SOKOLOVA
26.584,Dmitriy MARTINEZ
158.545,Anna WILLIAMS
66.375,Christine NOVIKOVA
9.074,Alina IVANOV
22.274,Juan JIMENEZ
97.481,Piotr SANTOS
4.703,Valentina WOLF
235.172,Mariya MARTINEZ
17.585,Nadezhda FERREIRA
262.213,Valentyna MARTIN
317.399,Tatyana GUTIERREZ
18.203,Francesco TAYLOR
83.94,Marta RICHTER
2.924,Natalya SANCHEZ
12.573,Andrey VASILEVA
6.694,Michael PETROVA
246.379,Jean MEIER
51.426,Maryia ANDERSSON
34.612,Manfred JOHNSON
17.576,Martin KOVALENKO
86.6,Olga KOVALENKO
136.593,Barbara DIAZ
34.816,Irina SANCHEZ
205.875,Sergey MORENO
9.605,Sandra NOWAK
51.909,Valentyna KOCH
12.149,Olga COSTA
17.646,Natalya RICHTER
375.777,Anastasiya SCHULZ
238.432,Eva DIAZ
150.864,Andrea KLEIN
2.994,Andrey FERNANDEZ
23.918,Andrei SCHNEIDER
16.859,Yvan WILSON
84.101,Werner MEYER
217.061,Angela NAVARRO
169.327,Angela FERRARI
6.161,Anton GARCIA
98.911,Monika NOWAK
27.855,Martin ROMERO
3.904,Yvan WEBER
154.992,Nykolai NOVIKOVA
106.27,Anastasiya BECKER
8.431,Ekaterina SANTOS
109.038,Christine PETROVA
13.776,Aleksandra POPOV
42.101,Olga KUZNETSOV
66.555,Alexander IVANOVA
55.355,Michael SMITH
25.151,Monika RICHTER
118.725,Mariya FERNANDEZ
106.484,Dmitriy SCHÄFER
22.391,Elisabeth MARTIN
40.818,Ekaterina RAMOS
116.607,Aleksandr MEYER
25.468,Eva TORRES
22.556,Richard KUZNETSOVA
104.749,Alexander MARIN
79.085,Roman DIAZ
23.764,Anna JOHANSSON
19.071,Vasylyi LOPEZ
18.952,Richard MUÑOZ
53.345,Oksana GARCIA
128.632,Igor HERNANDEZ
38.165,Ekaterina SHEVCHENKO
28.333,Rosa TORRES
26.701,Alexander SIMON
41.28,Denis MARIN
31.679,Ivan KRAVCHENKO
4.273,Michael POPOVA
14.427,Michael KARLSSON
90.7,Alexander MEYER
10.754,Valentina VOLKOVA
9.216,Vladimir ZIMMERMANN
63.806,Aleksandra FERREIRA
130.763,Aleksandr BONDARENKO
78.574,Tatyana POPOV
13.761,Valentyna MARTINEZ
13.158,Elena TORRES
23.199,John DIAZ
716.119,Marta WOLF
36.346,Anna BAUER
21.853,Monika SCHMIDT
60.104,Rosa KUZNETSOVA
162.258,Claude HERNANDEZ
191.375,Roman MORENO
9.123,Hans SCHNEIDER
53.153,Tatiana EVANS
6.544,Anne SMIRNOV
68.768,Ivan SHEVCHENKO
19.409,Yvan WAGNER
90.57,Patrick KUZNETSOV
132.301,Sandra KRAVCHENKO
74.567,Jose THOMAS
37.775,Jan MARTINEZ
93.47,Mario ROBERTS
111.957,Andrei BECKER
4.624,Laura FISCHER
185.354,Anton JOHANSSON
65.977,Ana RODRIGUEZ
29.661,Francesco IVANOV
187.384,Alexander SOKOLOVA
174.075,David MEYER
282.404,Evgeniy KLEIN
36.018,Vladimir BROWN
3.575,Anastasiya ROMERO
18.855,Irina SMITH
2.419,Marta SCHULZ
30.356,Michel GUTIERREZ
38.953,Ekaterina NAGY
27.42,Darya POPOV
8.876,Michael WILLIAMS
37.705,Klaus HANSEN
64.975,Nikolay EVANS
19.842,Andreas SOKOLOVA
11.157,Wolfgang TAYLOR
31.77,Richard MILLER
47.419,Christian KOCH
655.586,Dmitriy ROSSI
19.85,Ana ROMERO
6.026,Anne SOKOLOVA
305.901,Francisco BAUER
128.873,Patrick IVANOV
42.596,Richard MORENO
20.957,Tomasz NAVARRO
127.248,Barbara JIMENEZ
64.077,Michael COSTA
332.973,Aleksey JOHANSSON
437.615,Rosa GONZALEZ
7.188,Piotr TORRES
4.547,Vladimir VASILEVA
15.127,Karin WILSON
7.099,Nikolay POPOV
15.014,Mária FERREIRA
117.644,Olha MARTINEZ
22.373,Oksana MILLER
270.844,Alina TORRES
24.254,Olga NOVIKOVA
26.628,Evgeniy NAGY
22.113,Francisco SANCHEZ
9.049,Francisco MARTINEZ
3.433,Jose RICHTER
11.18,Andrey GUTIERREZ
9.804,Yuliya KOCH
43.061,Juan PEREZ
47.639,Martin NOVIKOVA
111.454,Vladymyr KOCH
68.611,Marina SMITH
98.553,Hans MUÑOZ
31.653,Elisabeth SCHÄFER
5.422,Rosa MEYER
26.878,Yvan ANDERSSON
4.403,Hans KLEIN
12.925,Oksana RAMOS
118.947,Giuseppe SANCHEZ
28.528,Sergey IVANOV
5.168,Valentyna HUBER
5.43,Angela ROMERO
15.282,Andreas NIELSEN
17.619,Vera KUZNETSOV
40.476,Andrei WOLF
206.713,John SHEVCHENKO
80.708,Tatyana JENSEN
39.357,Marta ZIMMERMANN
98.826,Hans TORRES
19.264,Klaus PETROVA
193.557,Jean FERNANDEZ
122.386,Ana SANTOS
47.516,Nikolay MÜLLER
208.36,Josef JONES
52.285,Tatiana MARTINEZ
36.312,Ana GOMEZ
64.462,Rosa SMIRNOVA
56.51,Svetlana NOWAK
14.405,Aleksandra ROSSI
8.395,Oksana ROMERO
107.809,Andrey WAGNER
35.789,Vladymyr MARIN
317.209,Christine DAVIES
169.937,Aleksandra MILLER
19.941,John THOMAS
158.229,Ivan EVANS
10.462,Francisco NAVARRO
5.523,Svetlana TORRES
112.555,Lyubov SMIRNOVA
57.24,Juan KOVÁCS
64.706,Francesco KUZNETSOVA
24.118,Natalya MEIER
3.797,Martin PAVLOVA
109.715,Svetlana FISCHER
162.245,Petra SZABÓ
41.418,Dmitriy JIMENEZ
43.86,Maria NOWAK
96.955,Marina KLEIN
27.094,Elena LOPEZ
3.905,Josef SIMON
86.839,Marina SCHNEIDER
46.539,Nykolai SIMON
16.999,Elisabeth ROSSI
34.359,Michael RUSSO
33.492,Ivan MARIN
57.608,Irina FISCHER
91.216,Vera PETROVA
82.825,Rosa LOPEZ
37.554,Nadezhda SANTOS
90.199,Vladymyr HOFFMANN
18.156,Rosa WILSON
66.241,Giovanni GARCIA
45.239,Sandra JENSEN
54.037,Christian RODRIGUEZ
163.305,Giovanni JENSEN
22.643,Jose MILLER
31.961,Sandra GARCIA
57.188,Alina MOROZOVA
24.956,Claude HUBER
82.173,Anton ALONSO
10.577,Vasylyi NAVARRO
20.442,Ana BECKER
1.743,Paul PEREIRA
5.504,Aleksandr HANSEN
7.161,Vasylyi TORRES
33.471,Mikhail FISCHER
96.894,Lyubov GONZALEZ
5.117,Yvan HOFFMANN
4.15,Thomas KLEIN
22.857,Vasylyi SMIRNOV
118.074,Mario BAUER
2.576,Anna MILLER
29.148,Aleksandra KUZNETSOV
799.121,Anastasiya MOROZOVA
21.58,Angela RUSSO
162.129,Richard NOVIKOVA
147.921,David COSTA
40.928,Maryia FERRARI
16.425,Olha HUBER
23.759,Antonio GONZALEZ
239.84,Petra DIAZ
42.022,Josef SILVA
60.075,Michel KUZNETSOVA
12.844,Monika GARCIA
84.951,Denis RAMOS
14.06,Mariya SHEVCHENKO
59.279,Daniel SCHMIDT
55.519,Tatyana PETROVA
11.76,Lyubov GOMEZ
11.314,Denis JOHNSON
16.191,Wolfgang SCHNEIDER
305.473,Tatyana SMIRNOV
82.295,Juan WILLIAMS
28.634,Vladimir KOVALENKO
18.321,Laura PETROVA
67.272,Vasylyi JENSEN
98.874,Aleksey RUSSO
6.141,Jean SCHÄFER
19.428,Christian HANSEN
4.165,Olga KARLSSON
4.547,Vasylyi NOVIKOVA
5.368,Werner NAVARRO
3.531,Francesco KOVÁCS
117.532,Ana JOHANSSON
70.509,Mariya COSTA
24.045,Francesco HANSEN
4.806,Alina FISCHER
4.122,Vladimir POPOVA
103.262,Mária THOMAS
73.881,Aleksey HERNANDEZ
189.293,Barbara SCHÄFER
58.184,Mikhail MEIER
73.461,Sandra KOVÁCS
223.554,Manfred MARTIN
89.01,Maryia NAVARRO
6.054,Manfred HANSEN
90.707,Werner TAYLOR
3.39,Monika VARGA
7.056,Natalya VOLKOVA
12.451,Vasylyi JONES
72.964,Elena SANTOS
42.171,Rosa SANTOS
83.684,Daniel WOLF
28.704,Ivan MAGOMEDOV
124.415,Michel NOVIKOVA
35.605,Monika SHEVCHENKO
3.915,Francisco MOROZOVA
16.226,Thomas JONES
6.35,Elisabeth BROWN
197.71,Evgeniy SILVA
142.128,Jean PEREZ
117.09,Vladymyr RUIZ
5.352,Jose JOHANSSON
8.128,Daniel POPOVA
120.282,Laura COSTA
81.958,Denis RUSSO
19.698,Anton HERNANDEZ
3.638,Hans TAYLOR
159.27,Valentyna JOHANSSON
3.029,Marie BONDARENKO
12.849,Piotr FERNANDEZ
39.755,Klaus MUÑOZ
11.673,Ekaterina WILSON
208.497,Tatyana SCHÄFER
7.335,Giovanni BONDARENKO
5.182,Sandra BONDARENKO
72.294,Oksana MUÑOZ
28.601,Marina MARTINEZ
36.221,Denis SCHNEIDER
10.234,Tomasz SANTOS
4.215,Hans RUIZ
49.858,Vasylyi SCHMIDT
36.74,Marie JONES
806.163,Peter KUZNETSOV
17.677,Juan VARGA
23.538,John WILLIAMS
20.92,Sergey TÓTH
5.895,Christian FERREIRA
44.446,Jan BROWN
36.394,Mikhail MARTINEZ
46.902,Michael PETROV
92.674,Alina ALVAREZ
18.307,Tatiana THOMAS
5.34,Werner TORRES
2.96,Svetlana RUSSO
33.686,Elisabeth VARGA
593.382,Aleksandra KOVALENKO
72.546,Pavel NIELSEN
39.354,Tatyana RAMOS
11.858,Hans WOLF
37.864,Denis THOMAS
19.897,Svetlana KOCH
222.715,Daniel GOMEZ
7.358,Serhei HANSEN
25.229,Hans BONDARENKO
76.133,Evgeniy SCHÄFER
17.881,Marta HUBER
11.806,Roman SHEVCHENKO
16.61,Nykolai POPOVA
46.956,Claude KRAVCHENKO
24.408,Maryia SILVA
153.993,Ana WAGNER
140.923,Marie GARCIA
45.772,Rosa DIAZ
146.782,Elena NOWAK
24.993,Elena DIAZ
44.113,Mariya DAVIES
78.265,Pavel KARLSSON
3.118,Manfred KOVALENKO
9.746,Michael LOPEZ
8.675,Laura SIMON
22.715,Piotr JOHNSON
215.644,Tatyana MÜLLER
86.706,Anna BROWN
44.653,Aleksey WILLIAMS
23.559,Christine JOHANSSON
40.02,Angela THOMAS
42.925,Francisco KOVÁCS
183.17,Elisabeth IVANOV
8.13,Maria GONZALEZ
101.653,Elena ANDERSSON
67.564,Piotr MEIER
34.082,Tatyana DIAZ
103.168,Nadezhda MEIER
1.659,Juan TORRES
33.819,Rosa MORENO
9.52,Marta BRAUN
20.069,Denis SOKOLOVA
27.336,Elena MORENO
64.609,Roman NIELSEN
12.988,Vladymyr MEYER
3.984,Igor SMIRNOVA
23.507,Valentyna ROMERO
8.09,Christine HANSEN
73.008,Hans ROSSI
141.204,Angela HUBER
231.796,Irina VARGA
68.585,Maryia SCHNEIDER
106.487,Anastasiya PETROV
83.14,Anastasiya FISCHER
200.916,Evgeniy MARIN
19.03,Christian FERNANDEZ
88.423,Ekaterina BECKER
28.985,Francesco JIMENEZ
2.867,Ana PEREIRA
10.653,Darya JIMENEZ
61.517,Anton GUTIERREZ
43.652,Thomas NOVIKOVA
75.731,Claude FERRARI
7.122,Lyubov SHEVCHENKO
40.761,Laura TÓTH
41.359,Maria NIELSEN
29.586,Peter POPOV
581.718,Peter WILSON
3.593,Tomasz ROSSI
64.557,Serhei SZABÓ
18.239,Mariya SMITH
93.733,Nadezhda RICHTER
1.514,John MARTIN
42.271,Evgeniy TORRES
17.212,Serhei KRAVCHENKO
87.438,Robert VOLKOVA
17.869,Manfred NAGY
8.893,Werner SCHNEIDER
176.859,Martin SMIRNOV
5.233,Robert ANDERSSON
7.383,Michel SCHULZ
42.483,Andrea KUZNETSOVA
26.148,Vasylyi WILLIAMS
96.685,Ekaterina IVANOV
49.546,Aleksandra JOHNSON
23.441,Eva WEBER
6.162,Brigitte MILLER
40.056,David FERNANDEZ
43.544,Olga SMIRNOV
142.794,Andrea PETROVA
252.24,Marina GOMEZ
102.393,Maria RUSSO
139.821,Jan PETROVA
36.004,Sergey POPOVA
46.248,Patrick ROSSI
5.991,Claude EVANS
24.177,Giovanni IVANOVA
66.618,Alexander MOROZOVA
20.948,Josef GOMEZ
47.86,Anna VARGA
7.872,Nykolai GOMEZ
139.733,Anna GUTIERREZ
7.27,Monika KOVÁCS
41.508,Robert SMIRNOVA
63.747,Sandra IVANOVA
10.671,Olha PETROVA
4.386,Robert MÜLLER
88.848,Jean COSTA
31.539,Paul WAGNER
11.18,Mario WILLIAMS
13.68,Valentina THOMAS
104.991,Paul SHEVCHENKO
126.233,Olha GOMEZ
31.379,Anton NOWAK
67.066,Oksana SMIRNOVA
118.911,Nadezhda POPOVA
37.442,Andrea RICHTER
28.272,Wolfgang VARGA
13.185,Svetlana SCHMIDT
3.583,Mario MORENO
46.168,Elisabeth SCHNEIDER
56.055,Robert POPOV
9.077,Nykolai HERNANDEZ
130.631,Sandra GOMEZ
69.46,John WOLF
29.207,Barbara TÓTH
60.226,Sergey BECKER
41.435,Monika COSTA
16.588,Yuliya ROMERO
31.817,Nikolay SZABÓ
48.08,Giovanni SIMON
46.023,Igor PEREZ
19.3,Thomas ALVAREZ
20.292,Tomasz MOROZOVA
495.422,Anton MEIER
219.827,Marta NOVIKOVA
84.658,Anastasiya MEYER
33.808,Tatyana IVANOVA
51.157,Anna SOKOLOVA
208.075,Peter WILLIAMS
111.533,Anna KOVÁCS
27.267,Dmitriy ROMERO
32.304,Olga MUÑOZ
13.682,Anton SIMON
28.438,Martin MUÑOZ
26.499,David FERREIRA
64.602,Juan THOMAS
33.402,David PEREIRA
43.555,Thomas RODRIGUEZ
92.807,Monika ROMERO
127.765,Petra VARGA
11.144,Alexander HERNANDEZ
303.491,Patrick MÜLLER
151.538,Nikolay MEYER
38.301,Valentina KUZNETSOV
27.332,Ana PETROVA
46.995,Andrea KRAVCHENKO
19.707,Mario HOFFMANN
13.286,Mario BONDARENKO
94.712,Olha WILSON
773.242,Aleksandr HOFFMANN
16.094,Michael WEBER
28.926,Alexander POPOV
102.498,Yvan PETROV
36.872,Francisco WILSON
34.266,Sergey PETROVA
11.643,Juan PEREIRA
9.749,Maksim SCHMIDT
139.121,Pavel THOMAS
15.516,Brigitte SCHMIDT
37.917,Maryia MARTIN
33.185,Francesco MEIER
17.189,Jan FERREIRA
193.961,Valentina ROBERTS
42.196,Rosa TÓTH
51.166,Alexander RICHTER
22.658,Rosa SIMON
10.487,Werner MEIER
5.51,Ekaterina JONES
15.558,Sandra KUZNETSOVA
12.528,Martin HERNANDEZ
31.65,Angela FERREIRA
2.98,Evgeniy KUZNETSOV
370.518,Andrey TAYLOR
63.097,Lyubov FERNANDEZ
9.103,Olga HERNANDEZ
17.356,Marina SIMON
11.88,Vasylyi VASILEVA
14.205,Paul PETROV
174.571,Yvan JOHNSON
109.777,Juan EVANS
93.637,Vladimir HOFFMANN
23.017,Alina BROWN
39.963,Marta MEIER
16.956,Ekaterina MUÑOZ
204.805,Jan HUBER
116.908,Josef KUZNETSOV
5.041,Maryia MAGOMEDOV
130.346,Barbara NOVIKOVA
77.674,Mária HANSEN
101.887,Nykolai KUZNETSOV
35.967,Andreas ZIMMERMANN
3.097,Werner MILLER
11.741,Elisabeth TORRES
10.919,Peter ANDERSSON
54.84,Natalya MARIN
162.378,Antonio PETROVA
65.949,Michel BONDARENKO
151.852,Christian BECKER
10.337,David WEBER
46.306,Maria FERRARI
24.249,Antonio HERNANDEZ
42.485,Martin ALONSO
34.138,Monika TORRES
99.873,Sandra MARIN
17.317,Hans KOVALENKO
170.735,Paul WOLF
42.114,Barbara MÜLLER
130.206,Oksana RODRIGUEZ
3.116,Nikolay GARCIA
167.858,Alexander KUZNETSOVA
5.855,Tatyana COSTA
9.074,Giovanni MARIN
18.471,Barbara WILSON
5.219,Jean SCHNEIDER
9.992,Irina SHEVCHENKO
9.426,Yuliya SCHMIDT
110.9,Olga BROWN
177.427,Nadezhda SOKOLOVA
3.887,Serhei BAUER
89.522,Marina VASILEVA
14.523,Paul HOFFMANN
37.632,Martin BROWN
23.293,Marie SMITH
11.639,Maksim FERRARI
50.21,Daniel GUTIERREZ
116.744,Peter TÓTH
188.743,Vladimir BRAUN
11.755,Andreas KUZNETSOVA
2.796,Juan ROMERO
158.364,Marie KLEIN
23.592,Irina SCHMIDT
56.749,Olha GUTIERREZ
95.235,Ekaterina SMIRNOVA
141.073,Jose WAGNER
102.33,Svetlana NAGY
6.22,Brigitte KARLSSON
18.139,Ekaterina JENSEN
8.209,Nikolay BRAUN
19.696,Sergey WEBER
2.851,Igor NAGY
25.791,Angela RUIZ
67.909,Ana HUBER
4.124,Karin MARIN
13.287,Sandra SCHULZ
9.347,Marie IVANOVA
323.089,Tomasz POPOV
91.912,Claude KOVÁCS
120.14,Dmitriy BAUER
48.779,Lyubov SMIRNOV
42.132,Claude RICHTER
89.442,Natalya IVANOVA
57.588,Wolfgang RICHTER
145.692,Yvan MARTINEZ
217.808,Nadezhda ROBERTS
62.074,Pavel GONZALEZ
99.145,Aleksandr TAYLOR
60.892,Valentina RAMOS
187.305,Vasylyi MOROZOVA
14.407,Karin KOCH
136.194,Juan COSTA
3.447,Mária MUÑOZ
121.455,Vladimir FERREIRA
70.029,John BONDARENKO
12.975,Piotr ANDERSSON
42.227,Martin VOLKOVA
194.346,Marta JIMENEZ
649.76,Elena DAVIES
591.392,Vera HANSEN
18.524,Christian SANTOS
16.87,Barbara ZIMMERMANN
30.566,Rosa DAVIES
53.784,Alina MORENO
6.694,Vasylyi MEYER
21.993,Tatiana ROSSI
8.309,Mariya RICHTER
49.035,Vladymyr SANTOS
13.427,Olga VASILEVA
156.221,Werner DIAZ
95.016,Mária POPOV
153.851,Mária SCHÄFER
59.189,Giovanni ROSSI
13.477,Andrey NOWAK
19.283,Tatiana MARIN
129.792,Anastasiya PEREIRA
58.173,Valentyna BECKER
38.236,Igor BAUER
112.204,Elena GARCIA
19.902,Aleksandra KUZNETSOVA
27.843,Tomasz WILLIAMS
74.458,Piotr POPOV
16.754,Vasylyi SMIRNOVA
19.613,Tomasz MAGOMEDOV
20.607,Monika KRAVCHENKO
20.695,Pavel HANSEN
52.445,Sergey ROSSI
58.784,Mikhail NIELSEN
9.57,Darya RAMOS
38.542,Barbara SANCHEZ
48.044,Maryia HUBER
15.153,Svetlana JONES
196.246,Mario HERNANDEZ
159.162,Maryia PEREZ
31.262,Aleksandr PETROV
15.018,Werner MORENO
223.3,Christine PAVLOVA
62.928,Igor ANDERSSON
19.932,Aleksandr KARLSSON
46.393,Evgeniy PETROVA
58.421,Sergey KLEIN
172.344,Piotr JIMENEZ
113.859,Giuseppe MEIER
20.738,Tomasz SCHMID
68.627,Denis MOROZOVA
47.086,Peter RUIZ
12.615,Tomasz WILSON
66.779,David BROWN
37.334,John FERREIRA
108.793,Alina KRAVCHENKO
194.041,Nadezhda THOMAS
15.169,Maria SMITH
41.125,Mario SCHNEIDER
68.645,Aleksey FERNANDEZ
65.049,Marina MUÑOZ
9.583,Valentina GARCIA
19.816,Anne DAVIES
16.668,Anne LOPEZ
62.999,Brigitte COSTA
25.472,Pavel FISCHER
66.954,Maksim COSTA
17.069,Evgeniy VARGA
17.348,Irina BAUER
8.507,Yvan WOLF
93.8,Manfred RUIZ
112.472,Maryia BRAUN
162.403,Giuseppe MAGOMEDOV
20.723,John JIMENEZ
842.605,David NAVARRO
457.311,Eva ANDERSSON
17.73,Juan IVANOV
208.944,Francesco SCHULZ
8.093,Pavel TAYLOR
108.199,Andrei SHEVCHENKO
3.686,Elena KOVÁCS
53.105,Rosa KOVÁCS
143.587,Olha SHEVCHENKO
21.343,Juan DIAZ
9.291,Alina TAYLOR
37.654,Daniel HOFFMANN
28.521,Claude GONZALEZ
102.35,John ALVAREZ
117.886,Michel NOWAK
5.89,Francisco SHEVCHENKO
11.032,Michel HUBER
199.062,Andrea KOVALENKO
152.126,Vasylyi PEREZ
10.857,Elisabeth PEREIRA
99.219,Anastasiya SILVA
3.718,Werner LOPEZ
31.847,Denis POPOV
17.22,Manfred SCHMIDT
21.302,Valentyna SMITH
234.237,Karin GUTIERREZ
51.131,Oksana TORRES
43.13,Andreas KOVALENKO
92.063,Giuseppe DAVIES
14.698,Mariya SCHULZ
29.594,Mikhail KARLSSON
116.684,Nikolay BAUER
14.444,Serhei MEYER
55.114,Eva TÓTH
30.195,Tomasz BROWN
51.116,Pavel KRAVCHENKO
4.672,Giuseppe SMIRNOVA
33.519,Daniel FISCHER
22.925,Christian GONZALEZ
39.105,Tomasz GARCIA
87.057,Serhei VASILEVA
49.911,Paul TORRES
88.088,Alexander TAYLOR
16.966,Valentyna KLEIN
188.441,Alina TÓTH
143.219,Vladymyr SZABÓ
203.182,Serhei WILLIAMS
10.532,Anne BECKER
43.212,Manfred SMITH
102.164,Serhei KUZNETSOVA
37.976,Richard SILVA
34.354,Roman BAUER
105.247,David PAVLOVA
64.621,Evgeniy PEREIRA
31.543,Piotr NOVIKOVA
39.629,Darya DIAZ
45.367,Karin WOLF
4.895,Richard MEYER
82.152,Vladimir EVANS
91.412,Aleksey MARTIN
6.367,Igor WILLIAMS
2.762,Werner JIMENEZ
85.568,Aleksandra ZIMMERMANN
18.038,Tomasz ALONSO
100.028,Wolfgang GARCIA
12.86,Martin GUTIERREZ
29.581,Anastasiya HUBER
26.188,Alexander SANTOS
38.645,Tatyana BECKER
4.576,Valentina MEYER
32.459,Vera SIMON
25.975,Giuseppe SCHMIDT
8.648,Patrick SMIRNOV
33.304,Claude KOCH
306.068,Mikhail POPOV
31.269,Michel FERNANDEZ
25.895,Monika IVANOVA
11.098,Yuliya FERREIRA
5.068,Manfred SMIRNOV
6.239,Marta KOVALENKO
39.507,Paul BECKER
28.198,Werner MARIN
322.541,Lyubov KLEIN
22.57,Vladimir RAMOS
25.608,Aleksandra MEYER
59.446,Thomas ROSSI
262.759,Serhei RODRIGUEZ
97.287,Jean KLEIN
87.913,Anne MARTIN
9.25,Francesco BAUER
152.223,Anne SCHNEIDER
54.866,Mikhail KOVALENKO
2.869,Andreas SCHNEIDER
4.832,Yvan HERNANDEZ
66.646,Maria PETROVA
150.854,Mariya HERNANDEZ
46.027,Maryia HOFFMANN
30.908,Jose POPOVA
116.484,Natalya MOROZOVA
59.973,Elena FISCHER
17.484,Evgeniy DAVIES
15.581,Anna TORRES
22.48,Vladymyr BAUER
72.257,Laura NOWAK
5.829,Mária BROWN
31.702,Olga WAGNER
82.285,Lyubov HUBER
8.852,Olha ALONSO
67.443,Francisco ALONSO
309.729,Petra SANCHEZ
49.461,Vera RUIZ
75.825,Svetlana SIMON
29.425,Manfred RODRIGUEZ
30.118,Anne BONDARENKO
9.247,Christian SANCHEZ
93.204,Valentyna TORRES
41.994,Andreas BONDARENKO
68.36,Christian SIMON
10.385,Peter GARCIA
45.254,Karin GONZALEZ
106.447,Valentina JENSEN
114.204,Andrea PEREZ
7.954,Claude JIMENEZ
107.865,Alina FERRARI
237.192,Christine RICHTER
18.728,Alexander MEIER
131.694,Laura MARTIN
150.536,Sandra JOHANSSON
24.473,Marta HANSEN
5.091,Jose EVANS
351.525,Juan RUSSO
8.754,Mario SCHÄFER
65.742,Andrei FISCHER
14.818,Sergey BROWN
63.383,Patrick BONDARENKO
142.089,Giovanni WILLIAMS
28.103,Tatyana WEBER
43.057,Aleksandra TORRES
6.88,Tatiana NAVARRO
32.729,Mario MAGOMEDOV
9.644,Elisabeth KUZNETSOVA
212.574,Mária NOWAK
22.683,Valentyna ANDERSSON
96.55,Petra SANTOS
27.877,Vladimir THOMAS
42.872,Yuliya TAYLOR
19.239,Klaus FERREIRA
34.204,Tatyana SCHMIDT
19.912,Anna POPOV
38.364,Marina SZABÓ
75.488,Mária NAGY
59.704,Rosa HERNANDEZ
38.305,Elena HERNANDEZ
157.644,Darya KUZNETSOV
6.014,Giovanni MARTIN
17.173,Jose VASILEVA
28.261,Maksim GONZALEZ
90.019,Christian SILVA
10.999,Richard JENSEN
44.552,Tatyana TORRES
734.68,Valentyna SMIRNOVA
205.594,Tomasz SCHULZ
7.567,Francesco JOHNSON
160.846,Christian TÓTH
136.132,Petra GUTIERREZ
63.628,Tatiana MAGOMEDOV
67.478,Anton SILVA
1.98,Thomas MOROZOVA
3.654,Valentina HERNANDEZ
93.703,Tatyana GARCIA
19.69,Andrea COSTA
3.499,Vasylyi IVANOVA
6.628,Anna VASILEVA
81.682,Richard HOFFMANN
51.654,Petra SCHMIDT
91.256,Valentyna GONZALEZ
48.355,Thomas MEIER
312.818,Lyubov SMITH
7.171,Richard MARTIN
28.211,Piotr SOKOLOVA
11.136,Tatyana SANTOS
42.073,Vladymyr WAGNER
40.364,Vera PETROV
38.559,Giuseppe IVANOV
123.008,Mikhail FERREIRA
90.311,Jan RUIZ
7.639,John WILSON
9.68,Barbara NIELSEN
52.634,Andrea RUIZ
7.977,Monika RUSSO
45.514,Robert HUBER
44.911,Denis KARLSSON
77.072,Marie FERREIRA
118.784,Dmitriy RUIZ
38.562,Jan TAYLOR
12.124,Alina BONDARENKO
24.362,Andrea PAVLOVA
16.902,Mario SMIRNOV
12.448,Nykolai VARGA
296.381,Andreas ALVAREZ
189.401,Ana KARLSSON
61.167,Alina NOWAK
15.458,Andrei IVANOVA
71.22,Jean ANDERSSON
54.282,Josef SHEVCHENKO
40.256,Alina KOCH
300.341,Irina TAYLOR
11.171,Peter SIMON
10.482,Jean DAVIES
35.839,Yvan VOLKOVA
34.473,Francisco NIELSEN
11.431,Denis JONES
30.74,Robert MUÑOZ
144.064,Sandra RAMOS
31.779,Nikolay BROWN
32.927,Jose ZIMMERMANN
29.363,Maksim IVANOV
9.829,Vladimir NAGY
45.06,Lyubov JOHANSSON
98.566,Mária POPOVA
48.07,Mario KRAVCHENKO
30.841,Patrick BRAUN
540.216,Wolfgang MARIN
269.532,David DAVIES
35,Sandra BAUER
50.193,Monika SMIRNOVA
59.472,Ivan MORENO
73.317,Daniel PEREZ
61.213,Vladimir MARTIN
3.897,Marta SANCHEZ
20.021,Andrei MARTINEZ
95.798,Vera KARLSSON
51.159,Marta SCHÄFER
142.505,Andrey THOMAS
88.659,David MARTINEZ
50.828,Roman RICHTER
95.86,Sandra ROBERTS
85.489,Elena JOHANSSON
37.563,Maria SMIRNOV
7.865,Angela GONZALEZ
24.169,Rosa JOHANSSON
203.563,Sergey PAVLOVA
38.181,Elisabeth SMIRNOVA
56.147,Giovanni ROBERTS
57.399,Mária KUZNETSOV
24.629,Andrei NAVARRO
73.17,Jan TORRES
115.023,Igor LOPEZ
46.493,Hans VARGA
2.637,Christine NIELSEN
49.425,Mariya HUBER
36.687,Darya GOMEZ
317.519,Darya RODRIGUEZ
53.659,Ekaterina MEYER
173.447,Ekaterina FISCHER
93.998,Vasylyi SMITH
125.909,Piotr FERREIRA
88.64,Patrick ALONSO
35,Mária FERNANDEZ
23.318,Piotr DAVIES
53.288,Barbara HOFFMANN
4.221,Mikhail PETROVA
95.245,Pavel ROMERO
4.184,Andrei HERNANDEZ
18.375,Peter NAGY
75.03,Tomasz ANDERSSON
115.193,Ivan JOHNSON
64.048,Andreas HOFFMANN
100.263,Anne HOFFMANN
11.068,Mária MEYER
136.941,Natalya SCHULZ
18.029,Juan TAYLOR
3.497,Anna MARTIN
247.654,Wolfgang NAGY
347.215,Vladymyr ZIMMERMANN
274.962,Peter SANCHEZ
326.216,Manfred KLEIN
43.079,Maksim JIMENEZ
731.123,Aleksandr JONES
35.12,Serhei FISCHER
120.406,Denis LOPEZ
37.98,Natalya MILLER
103.478,Juan KUZNETSOV
11.671,Monika PEREIRA
81.889,Christine ZIMMERMANN
103.978,Ivan HANSEN
92.552,Anton NAGY
8.344,Mariya BRAUN
157.305,Robert ROBERTS
4.146,John KOVALENKO
12.27,Petra JENSEN
51.513,Karin KUZNETSOV
12.135,Lyubov NAGY
126.275,Maryia WEBER
13.619,Claude MEYER
853.153,Olha KUZNETSOVA
6.577,Richard SCHÄFER
13.716,Angela KARLSSON
590.404,Yuliya PETROV
181.021,Jan ROSSI
100.286,Andrea THOMAS
110.028,Mario HANSEN
38.792,Andrea ROSSI
34.216,Igor ROMERO
104.717,Mariya KOVÁCS
145.517,Michael PEREZ
73.517,Mária GOMEZ
146.297,Darya VARGA
93.712,Nadezhda WEBER
101.89,Martin KOCH
145.146,Olga KOCH
99.13,Vladymyr PEREIRA
53.301,Jan SCHNEIDER
53.895,Irina SCHULZ
13.527,John HOFFMANN
77.368,Alina GARCIA
70.324,Mariya BECKER
12.379,Alexander GUTIERREZ
197.656,Giovanni MORENO
386.203,Olga FERREIRA
8.031,John BROWN
129.424,Tatyana HOFFMANN
40.692,Vladymyr GARCIA
11.172,Peter EVANS
8.37,Sandra MORENO
21.952,Yuliya FISCHER
4.591,Nadezhda SHEVCHENKO
25.559,Robert BROWN
53.494,Nykolai EVANS
266.231,Josef EVANS
135.342,Mario THOMAS
97.524,Laura SCHNEIDER
12.647,Andrei SCHULZ
6.488,Yuliya MARTIN
70.704,Christine HOFFMANN
11.404,Piotr RUIZ
15.556,David LOPEZ
23.511,Natalya PETROV
91.244,Jean KRAVCHENKO
25.027,Roman GONZALEZ
11.754,Alina LOPEZ
155.078,Juan HANSEN
29.087,Pavel PAVLOVA
4.139,Michel MAGOMEDOV
199.444,Evgeniy PEREZ
625.661,Francisco NAGY
18.904,Vasylyi COSTA
61.46,Monika ALONSO
69.415,Francisco GARCIA
3.726,Olha NAGY
9.594,Michael THOMAS
21.207,Klaus SMIRNOVA
135.08,Vladymyr VASILEVA
133.212,Giuseppe PEREIRA
49.221,Olha VOLKOVA
41.863,Anna IVANOVA
6.151,Klaus WILSON
57.671,Anastasiya ZIMMERMANN
126.314,Francisco VOLKOVA
3.235,Dmitriy SANTOS
3.748,Lyubov TAYLOR
76.876,Peter KOVÁCS
7.702,Manfred TORRES
24.201,Tomasz RUSSO
4.135,Darya KOCH
25.805,Andrey SIMON
146.781,Nykolai COSTA
52.347,Pavel SCHULZ
41.965,Juan NOVIKOVA
14.19,Tomasz SMIRNOVA
6.171,Juan JONES
275.715,Richard KRAVCHENKO
24.432,Valentina MARTIN
4.403,Rosa RUIZ
216.372,Peter HUBER
233.508,Irina JENSEN
72.953,Francesco ZIMMERMANN
70.655,Anne SANTOS
6.924,John SCHNEIDER
74.86,Serhei PEREIRA
245.567,Josef ROMERO
237.546,Irina RAMOS
7.637,Valentyna KARLSSON
126.401,Nykolai ROMERO
36.756,Giovanni MARTINEZ
26.994,Tatyana NAGY
145.543,Maksim ROMERO
62.141,Brigitte ROMERO
34.555,Karin NOVIKOVA
3.682,Roman SMIRNOVA
24.116,Olga SCHÄFER
242.776,Vera SCHULZ
36.717,Daniel ZIMMERMANN
7.554,Marie TAYLOR
11.803,Evgeniy RUIZ
15.628,Martin SCHÄFER
117.427,Aleksandr BROWN
22.641,Wolfgang SANCHEZ
86.303,Denis SANTOS
2.805,Eva ROBERTS
3.931,Aleksey PETROVA
187.732,Giovanni PETROVA
82.703,Andreas WILSON
76.895,Roman HANSEN
13.115,Anne WILSON
107.859,Francisco SCHÄFER
55.253,Anna RAMOS
13.66,Lyubov SILVA
7.92,Monika NAGY
47.432,Rosa MÜLLER
11.606,Hans BRAUN
9.774,Monika JOHANSSON
45.544,Olha IVANOVA
111.053,Barbara JOHNSON
54.411,Mariya MORENO
124.282,Barbara PEREIRA
150.035,Oksana BRAUN
22.653,Petra NAVARRO
45.996,Werner SCHMIDT
6.78,Tomasz HOFFMANN
67.71,Yuliya THOMAS
85.118,Sergey SHEVCHENKO
10.435,Anton EVANS
91.426,Jan MILLER
20.307,Nykolai JOHNSON
49.147,Vera SANCHEZ
14.529,Tatiana SOKOLOVA
23.234,Alexander KRAVCHENKO
5.529,Wolfgang WEBER
26.942,Michel MEIER
13.653,Josef JOHNSON
80.925,Michael NIELSEN
76.189,Alexander VASILEVA
17.175,Dmitriy BONDARENKO
44.227,David KLEIN
13.87,Olha MARTIN
116.295,Mariya NOWAK
10.889,Claude MÜLLER
194.8,Claude SMIRNOV
117.172,Monika NAVARRO
85.335,Lyubov VARGA
96.662,Daniel TAYLOR
25.201,Ivan NOWAK
49.838,Anne KLEIN
51.114,Olha JONES
44.924,Andreas VARGA
9.027,David MOROZOVA
42.853,Alina PETROV
20.648,Andreas KLEIN
115.13,Nadezhda EVANS
103.066,Tomasz BRAUN
112.238,Eva WILSON
46.341,Barbara ROBERTS
36.914,Anastasiya SCHMIDT
28.117,Piotr TAYLOR
138.762,Andrei SMIRNOV
4.264,Svetlana IVANOV
213.578,Evgeniy FERREIRA
142.27,Manfred VOLKOVA
95.107,Sergey SOKOLOVA
7.69,Marie FERRARI
4.874,Marie RICHTER
15.201,Igor JIMENEZ
82.944,Tatiana VASILEVA
63.607,Antonio SZABÓ
17.404,Francesco BROWN
36.519,Oksana JOHNSON
113.237,Jean WILSON
17.816,Valentina ALONSO
4.87,Andrey SCHULZ
55.792,Denis SMIRNOVA
49.731,Piotr ROSSI
5.697,Francesco RUSSO
240.11,Ivan JENSEN
81.526,Daniel ROSSI
46.365,Patrick PETROVA
74.394,Barbara SOKOLOVA
46.009,Elena BECKER
27.217,Alexander MILLER
20.922,Lyubov NIELSEN
5.9,Michael GONZALEZ
6.843,Vera MARIN
24.248,Alexander GARCIA
27.178,Jean NOWAK
91.161,Aleksey ROSSI
40.111,Eva MEIER
13.245,Daniel KARLSSON
130.935,Ekaterina SCHMIDT
2.683,Tomasz FERREIRA
4.666,Aleksey WAGNER
4.878,Andrey SMIRNOVA
19.362,Francisco SANTOS
84.133,Denis HANSEN
5.558,Evgeniy GUTIERREZ
63.453,Maksim SMIRNOVA
20.999,Brigitte SMIRNOVA
88.472,Thomas GUTIERREZ
111.857,Mikhail SIMON
5.877,Richard RUSSO
199.36,Nadezhda ROMERO
64.887,Daniel KOVÁCS
28.32,Ekaterina SMITH
20.161,Mariya JIMENEZ
7.081,David FERRARI
62.418,Jan MARTIN
3.239,Aleksey BECKER
49.03,Michel BRAUN
70.948,Elena SCHULZ
20.409,Christian MOROZOVA
49.518,Andrei MAGOMEDOV
22.867,Tatiana IVANOVA
3.382,Andreas VOLKOVA
184.267,Nikolay SMIRNOVA
10.648,Mario SANCHEZ
40.186,Karin JOHNSON
7.184,Irina ANDERSSON
38.046,Juan GOMEZ
44.89,Giovanni KOVALENKO
60.107,Claude MARTIN
40.553,Giovanni SANTOS
20.458,Sandra COSTA
167.227,Andrey ROSSI
89.35,Jose BROWN
389.009,Tatiana RODRIGUEZ
37.11,Aleksey HANSEN
627.214,Hans POPOVA
130.562,Mária SANCHEZ
5.121,Sandra SANTOS
27.658,Sandra KOVALENKO
6.619,Laura ROMERO
5.006,Andrea BECKER
61.62,Jan BECKER
71.966,Juan MORENO
30.873,Andrey MOROZOVA
49.682,Andrei FERRARI
32.445,Andrey ANDERSSON
87.895,Werner SANCHEZ
41.514,Monika SOKOLOVA
90.279,Evgeniy WAGNER
15.049,Antonio BAUER
102.299,John SANTOS
6.459,Juan MILLER
12.746,Anna MOROZOVA
13.593,Elisabeth POPOV
193.055,Marina MEIER
23.556,Irina GUTIERREZ
55.717,Michel SCHMIDT
96.527,Nadezhda MAGOMEDOV
13.877,Natalya SIMON
68.933,Thomas PEREZ
76.261,Anastasiya KOVÁCS
241.755,Sandra KUZNETSOV
39.653,Ivan JIMENEZ
3.752,Maria WAGNER
39.503,Nikolay POPOVA
9.751,Vladimir KRAVCHENKO
113.409,Nadezhda KOVALENKO
259.077,Werner SCHMID
77.399,Andrey BRAUN
81.748,Hans JONES
55.583,Laura WILLIAMS
182.213,Werner IVANOVA
14.338,Mariya ROMERO
5.601,Werner PETROV
17.362,Valentyna MAGOMEDOV
42.538,Patrick MEYER
96.413,Rosa NAVARRO
50.72,Antonio DAVIES
69.521,Thomas POPOV
93.168,Laura SCHULZ
20.792,Anne HUBER
165.556,Thomas SOKOLOVA
111.185,Oksana JENSEN
7.115,Mario WAGNER
3.446,Patrick SIMON
49.85,Igor THOMAS
3.096,Dmitriy JOHANSSON
8.4,Rosa SMIRNOV
144.288,Yvan MARTIN
13.577,Aleksandr WEBER
66.727,Brigitte SMIRNOV
133.304,Petra FISCHER
55.587,Marta SCHNEIDER
4.699,Tatiana COSTA
292.481,Ekaterina POPOV
3.59,Antonio THOMAS
51.416,Maksim SMIRNOV
89.964,Michael JOHNSON
17.706,Marie MORENO
15.548,Juan RAMOS
83.45,Wolfgang WILSON
17.157,Aleksey BONDARENKO
38.68,Aleksey HOFFMANN
48.795,Tatiana TORRES
183.46,Vladymyr KLEIN
49.889,Olga KRAVCHENKO
13.061,Michael PEREIRA
5.919,Pavel SIMON
154.602,Tatiana WOLF
103.636,Klaus KOVÁCS
154.784,Werner FERRARI
39.058,Valentyna PETROV
63.3,Tomasz IVANOVA
3.883,John HERNANDEZ
6.486,Aleksandr RODRIGUEZ
253.685,Ana VOLKOVA
18.623,Manfred JOHANSSON
65.605,Marina DAVIES
135.747,Anton SCHMIDT
216.785,Wolfgang FERNANDEZ
3.441,Maksim MORENO
2.431,Alina SMIRNOVA
34.093,Tatyana BONDARENKO
44.799,Peter SCHNEIDER
113.476,Marina SMIRNOVA
31.987,Darya FISCHER
11.499,Christine MEYER
85.967,Martin SANCHEZ
14.702,Aleksandr IVANOVA
15.772,Yvan GUTIERREZ
50.072,Valentyna IVANOVA
31.997,Petra SCHMID
39.732,Marie JIMENEZ
8.207,Laura VARGA
22.456,Antonio BECKER
5.331,Peter DAVIES
27.347,Aleksandra KRAVCHENKO
167.925,Tatyana SMITH
26.009,Karin LOPEZ
171.616,Ivan NOVIKOVA
22.175,Jan JIMENEZ
103.186,Irina FERREIRA
69.241,Josef VOLKOVA
154.516,Andrei HUBER
13.136,John FISCHER
3.021,Francisco TORRES
52.283,Evgeniy SZABÓ
45.617,Giuseppe GUTIERREZ
24.344,Yvan MOROZOVA
27.457,Christine PETROV
269.691,Ana SOKOLOVA
50.608,Anne RUIZ
175.917,Aleksandra COSTA
204.642,Anastasiya LOPEZ
87.647,Sergey KUZNETSOV
6.233,Giuseppe BRAUN
40.65,Anna ROMERO
64.598,Jean JIMENEZ
131.433,Darya ANDERSSON
216.131,Josef IVANOVA
64.322,Anastasiya RODRIGUEZ
9.355,Nikolay COSTA
25.104,Vladimir TORRES
87.301,Irina LOPEZ
7.31,Valentina VASILEVA
90.463,Christian PETROV
21.76,Paul MARIN
51.398,Brigitte NIELSEN
6.115,Daniel HERNANDEZ
177.386,Michael KUZNETSOV
80.146,Laura SMIRNOVA
24.977,Andrei BONDARENKO
70.213,Pavel FERREIRA
45.987,Tomasz RAMOS
135.02,Klaus POPOVA
29.257,Oksana ROSSI
165.48,Claude MUÑOZ
6.915,David NAGY
16.761,Anna TAYLOR
35.122,Angela PAVLOVA
6.614,Mária ALONSO
18.327,Josef MEYER
75.57,Nykolai MEYER
10.719,Roman PETROV
10.97,Aleksandr MARTIN
12.981,Vasylyi RICHTER
10.708,Dmitriy POPOV
86.352,Michael GARCIA
33.552,Paul HUBER
12.521,Aleksandr JOHNSON
11.521,Hans MEIER
116.797,Vasylyi GUTIERREZ
13.515,Nykolai VASILEVA
134.162,Valentyna ALVAREZ
33.788,Alina GOMEZ
62.425,Juan SMITH
13.871,Werner SMIRNOV
85.679,Monika WOLF
11.53,Rosa VOLKOVA
285.401,Maryia MILLER
78.177,Laura NOVIKOVA
51.207,John ROBERTS
97.597,Giovanni PAVLOVA
4.522,John MOROZOVA
81.51,Laura WEBER
12.948,Nikolay NAGY
33.532,Darya MAGOMEDOV
17.871,Vladimir HANSEN
214.566,Marie POPOVA
143.23,Alexander JOHNSON
5.172,Irina MORENO
14.074,Brigitte WEBER
71.199,Aleksandr PAVLOVA
17.759,Piotr SIMON
321.266,Svetlana KUZNETSOVA
4.887,Francesco GONZALEZ
17.763,Manfred FERNANDEZ
69.061,Martin JENSEN
87.7,Vladymyr COSTA
23.13,Michel KOVÁCS
4.464,Lyubov VASILEVA
46.551,Tomasz DAVIES
65.228,Martin GARCIA
26.394,Werner SILVA
12.798,Andrey JOHANSSON
14.123,Anastasiya NAGY
7.633,Maria SCHNEIDER
261.219,Vasylyi MORENO
35.226,Piotr HUBER
31.751,Giuseppe SZABÓ
6.929,Anna BECKER
22.252,Irina FERRARI
39.803,Vladimir MEIER
56.306,Valentina ROMERO
24.782,Aleksandra SANTOS
69.582,Aleksandra SCHNEIDER
30.342,Marie MÜLLER
64.566,Aleksandr SHEVCHENKO
42.748,Thomas PETROVA
7.847,Svetlana ALVAREZ
14.249,Yuliya SCHMID
115.352,Serhei WOLF
85.985,Karin EVANS
13.389,Ivan BECKER
58.704,Sergey BONDARENKO
12.582,Claude WAGNER
108.73,Aleksey LOPEZ
109.829,Marie PETROV
16.048,Paul RUIZ
18.677,Aleksandra SCHMIDT
159.274,Igor KRAVCHENKO
107.79,Tatiana BONDARENKO
185.844,Giuseppe NOVIKOVA
62.362,Eva SILVA
5.733,Angela ALVAREZ
9.467,Denis PEREZ
22.22,Josef BRAUN
15.003,Irina THOMAS
56.95,Vasylyi MUÑOZ
63.302,Irina NAVARRO
9.463,Valentina DAVIES
20.035,Marie SCHMIDT
136.477,Marie KOVALENKO
64.671,Vera PEREIRA
5.376,Laura KOCH
99.07,Richard SMIRNOVA
10.19,Elena RODRIGUEZ
21.45,Mario VOLKOVA
40.415,Yvan RUIZ
82.588,Christian SHEVCHENKO
36.562,Olga HUBER
510.18,Martin HUBER
29.308,Paul JOHANSSON
111.778,Dmitriy GARCIA
624.982,Angela POPOVA
37.495,Antonio VASILEVA
5.061,Antonio ALVAREZ
98.237,Jean HANSEN
35.3,Werner BRAUN
27.634,Jose SOKOLOVA
122.541,Giovanni SCHMID
25.507,Anastasiya DAVIES
180.428,Josef HOFFMANN
74.07,Robert SCHMID
457.701,Nykolai HOFFMANN
74.003,Martin EVANS
10.17,Denis VASILEVA
72.956,Paul SCHÄFER
16.906,Olga EVANS
43.118,Peter MARTIN
23.599,David SCHNEIDER
6.794,Roman DAVIES
6.987,Lyubov SCHMID
141.618,Tomasz NAGY
51.802,Manfred KUZNETSOVA
87.801,Vasylyi RUIZ
4.789,Elena SCHÄFER
138.53,Elisabeth MEYER
20.661,Lyubov LOPEZ
315.626,Yuliya KOVÁCS
6.229,John GONZALEZ
152.645,Karin WAGNER
23.789,Irina MARTINEZ
65.944,Andrea WILLIAMS
29.253,Jean PETROVA
13.45,Piotr ROMERO
130.334,Christine MÜLLER
311.72,Natalya SOKOLOVA
88.525,Andreas RAMOS
10.574,Pavel SCHÄFER
7.466,Vladimir NIELSEN
103.524,Andrea RODRIGUEZ
6.024,Martin BONDARENKO
2.813,Jose JONES
44.35,Francesco PETROVA
8.758,Svetlana BONDARENKO
42.075,Olga THOMAS
104.61,Tatyana JOHNSON
245.485,Werner RUSSO
20.429,Marie KARLSSON
94.452,Francisco TÓTH
90.062,Petra PEREIRA
188.947,Thomas RAMOS
53.538,Evgeniy FERRARI
19.254,Francesco SIMON
41.336,Tomasz SCHMIDT
138.143,Wolfgang KARLSSON
40.535,Michel SCHNEIDER
10.22,Giuseppe MOROZOVA
129.655,Evgeniy NIELSEN
37.068,Anna MÜLLER
5.976,Petra SMITH
3.435,Christian KOVALENKO
9.815,Petra KARLSSON
136.486,Jean POPOV
19.127,Daniel MUÑOZ
2.768,Maria LOPEZ
180.255,Antonio MARTINEZ
6.546,Mariya SMIRNOVA
92.912,Karin MAGOMEDOV
14.005,Josef WEBER
27.463,Angela PEREIRA
19.446,Claude WOLF
11.058,Werner HOFFMANN
6.033,Ana SMITH
5.945,Peter MILLER
19.88,Thomas MÜLLER
40.331,Karin KOVALENKO
11.273,Nikolay SCHÄFER
23.38,Michel MEYER
89.075,Roman NAVARRO
34.546,Anastasiya FERREIRA
24.256,Michel SIMON
2.259,Marta JONES
12.754,Mária BONDARENKO
14.386,Christine JENSEN
1.565,Patrick THOMAS
2.594,David SOKOLOVA
30.885,Marta BAUER
46.379,Oksana VARGA
29.447,Giuseppe PAVLOVA
114.091,Elisabeth ROMERO
8.611,Piotr VASILEVA
61.268,Juan MOROZOVA
5.411,Anton KUZNETSOV
13.696,Alexander MARTIN
92.385,John ROSSI
3.508,Francisco HANSEN
67.614,Olha HANSEN
54.341,Nykolai PEREIRA
17.446,Vladimir HERNANDEZ
59.112,Klaus ROBERTS
186.822,Robert SCHÄFER
56.318,Mária VARGA
45.318,Francesco FERREIRA
102.706,Angela LOPEZ
153.737,Karin TAYLOR
32.194,Alexander NOWAK
181.137,Irina SCHNEIDER
16.698,Klaus KOVALENKO
114.477,Darya PAVLOVA
226.778,Mario VASILEVA
6.42,Thomas MAGOMEDOV
18.033,Tatyana NOVIKOVA
122.553,Dmitriy KOCH
277.467,Tomasz VARGA
21.694,Valentyna MÜLLER
19.689,Jose MARTINEZ
109.336,Klaus MARIN
113.255,Serhei SIMON
52.846,Anton SHEVCHENKO
73.262,Jose FERRARI
2.607,Christian MAGOMEDOV
27.008,Christine KARLSSON
36.017,Michel DIAZ
70.193,Ana KOVÁCS
37.449,Werner IVANOV
316.156,Andrey MORENO
69.558,Giovanni SMIRNOV
111.173,Petra MARIN
17.001,Sandra SMIRNOV
33.48,Wolfgang WAGNER
8.674,David BONDARENKO
101.594,Angela ROSSI
183.211,Josef ALVAREZ
20.663,Peter ZIMMERMANN
72.109,Serhei LOPEZ
326.791,Marta ROBERTS
40.675,Anna NIELSEN
24.885,Nykolai ALVAREZ
148.337,Nadezhda ROSSI
19.058,Ana KUZNETSOV
31.259,Marta FERREIRA
62.031,Anton HANSEN
70.488,Daniel NOWAK
52.254,Maria SMIRNOVA
10.109,Dmitriy MAGOMEDOV
49.448,Piotr PETROVA
40.486,Nykolai ALONSO
3.019,Oksana PEREIRA
171.663,Alina WILSON
15.227,Claude NAVARRO
14.312,Oksana SZABÓ
18.713,Mária KUZNETSOVA
194.554,Oksana NAGY
3.941,Michel NIELSEN
113.517,Yuliya IVANOV
5.077,Natalya MORENO
9.785,Piotr GOMEZ
2.278,Marina PEREIRA
4.356,Valentyna WOLF
5.643,Claude ALONSO
47.132,Anton PETROVA
823.494,Nadezhda SMIRNOV
246.887,Jan TÓTH
29.913,Anne JENSEN
19.867,Claude KUZNETSOV
18.747,Thomas ROBERTS
64.141,Christian MILLER
2.554,Christine BONDARENKO
19.924,Robert RUIZ
135.059,Elena HOFFMANN
73.255,Mariya JOHANSSON
67.131,Marie PEREZ
173.071,Hans ALONSO
16.581,Rosa HOFFMANN
11.134,Sergey TORRES
30.421,Anton SMIRNOV
17.038,Denis WILLIAMS
10.275,Michel PAVLOVA
48.795,Monika WAGNER
13.575,Andrey MARTINEZ
18.399,Natalya BONDARENKO
48.437,Maria NOVIKOVA
100.587,Aleksey EVANS
73.568,Christian ROMERO
23.746,Angela MÜLLER
136.591,Vladymyr JOHANSSON
28.528,Ekaterina WEBER
162.246,Marta VOLKOVA
13.651,Christine WILSON
118.396,Aleksandra KLEIN
4.936,Tomasz MUÑOZ
10.3,Thomas IVANOV
103.5,Michel PETROV
9.679,Anastasiya MORENO
65.593,Mikhail IVANOV
2.762,Vladymyr SHEVCHENKO
4.449,Nikolay JONES
85.762,Hans SMIRNOV
7.078,Laura MARIN
15.053,Christian MÜLLER
54.949,Maryia HERNANDEZ
20.945,Anne WILLIAMS
3.112,Andreas WILLIAMS
29.212,Peter MUÑOZ
61.86,Martin KUZNETSOVA
71.374,Klaus VARGA
392.354,Ivan SCHNEIDER
152.691,Ana HOFFMANN
160.663,Marina RODRIGUEZ
22.411,Patrick RICHTER
9.865,Darya ZIMMERMANN
63.395,Tomasz MARIN
61.759,Alina RODRIGUEZ
9.563,Antonio WILSON
36.723,Alexander JIMENEZ
19.16,Marina MEYER
67.673,Hans KUZNETSOVA
20.892,Sandra HERNANDEZ
114.491,Igor FERRARI
128.491,Alexander KOVALENKO
61.249,Nykolai NAGY
22.557,Patrick FERREIRA
115.445,Anton SOKOLOVA
30.017,Alina MUÑOZ
63.865,Ivan SCHÄFER
28.305,Giovanni HERNANDEZ
27.243,Antonio KRAVCHENKO
100.357,Aleksandra NAVARRO
35.496,Sandra SOKOLOVA
39.546,Eva RODRIGUEZ
85.026,Valentyna GARCIA
152.538,Klaus JONES
65.014,Valentina POPOVA
38.909,Denis RUIZ
50.285,Christian WILLIAMS
19.813,Nikolay SANCHEZ
107.417,Mária WAGNER
11.653,Marie NAGY
14.538,Andrea SCHMIDT
21.212,Tatiana MÜLLER
56.812,Marie JENSEN
3.72,Laura RAMOS
12.423,Michael DIAZ
23.75,Petra TAYLOR
202.568,Vera IVANOV
4.284,Nikolay SIMON
165.406,Lyubov PETROVA
324.253,Rosa KARLSSON
76.91,Lyubov BONDARENKO
37.229,Hans GONZALEZ
108.961,Nikolay SCHULZ
15.597,Mikhail RICHTER
13.519,Dmitriy MEIER
42.608,Irina MAGOMEDOV
2.523,Vera MARTINEZ
8.984,Serhei SCHMID
19.938,Andrea SMIRNOVA
200.052,Manfred MEYER
4.787,Serhei KLEIN
205.93,Juan SMIRNOVA
41.72,Robert FERRARI
23.871,Alexander HOFFMANN
43.789,Andrey SHEVCHENKO
21.866,Serhei MUÑOZ
125.956,Martin TÓTH
67.362,Mario MARIN
33.691,Vera ROMERO
16.957,Yvan RUSSO
160.982,Yvan WILLIAMS
201.994,Jan MÜLLER
22.869,Anastasiya SANTOS
53.769,Paul SANCHEZ
38.984,Nykolai NAVARRO
45.16,Petra VOLKOVA
25.871,Alexander SHEVCHENKO
201.116,Francisco NOWAK
25.365,Thomas ZIMMERMANN
5.246,Pavel RUIZ
35.799,Jan VASILEVA
4.83,Josef NAVARRO
308.51,Svetlana SZABÓ
31.938,Vladymyr THOMAS
67.689,Elisabeth IVANOVA
50.081,Maryia SHEVCHENKO
68.72,Giovanni BROWN
43.096,Juan MARTIN
188.601,Serhei PETROVA
28.712,Jean GUTIERREZ
25.497,Hans JOHNSON
15.13,Lyubov SCHULZ
96.356,Pavel WOLF
22.103,Yuliya GARCIA
125.282,Giovanni KLEIN
83.786,Anne KARLSSON
654.106,Christian LOPEZ
50.475,Mária SCHMIDT
12.104,Andreas KARLSSON
36.736,Vera SILVA
11.296,Marta THOMAS
87.358,Svetlana NOVIKOVA
18.198,Giuseppe PETROVA
24.472,Michel ALVAREZ
97.825,Ekaterina GONZALEZ
168.354,Olga SCHULZ
13.2,Martin SCHULZ
69.626,Christian SCHNEIDER
103.012,Alina MARTIN
31.597,Anastasiya WILSON
24.615,Jose BRAUN
201.235,Juan BONDARENKO
23.762,Sandra SCHMIDT
64.457,Mária RUIZ
53.869,Dmitriy POPOVA
9.405,Darya ROSSI
116.444,Andrea JOHANSSON
129.597,Andrey WEBER
2.791,Patrick VOLKOVA
264.462,Mario IVANOVA
11.039,Ekaterina PEREIRA
8.276,Michel MARTINEZ
103.467,Paul KUZNETSOVA
47.791,Jan JOHANSSON
80.752,Svetlana WILLIAMS
8.275,Yuliya NAVARRO
42.854,Richard VASILEVA
2.88,Nykolai BROWN
152.379,Marta MARTINEZ
47.495,Josef BROWN
155.714,Daniel SMIRNOV
6.905,Andrei GOMEZ
7.914,Maria WEBER
89.397,Oksana SIMON
20.433,Giovanni VOLKOVA
11.799,Hans EVANS
35.647,Anastasiya JONES
20.204,Serhei FERRARI
14.809,Claude DIAZ
31.114,Jean THOMAS
256.164,Andrei MÜLLER
248.524,Jan JONES
6.627,Jose HANSEN
143.448,Hans SCHMIDT
31.54,Andrea JONES
20.004,Christine MUÑOZ
159.393,Evgeniy MARTINEZ
121.4,Marina BONDARENKO
119.542,Nykolai MEIER
4.046,Brigitte MUÑOZ
95.125,Sandra WILSON
8.342,Christine LOPEZ
65.934,Jose RUSSO
23.888,Giuseppe ANDERSSON
22.276,Irina SCHÄFER
30.598,Serhei RAMOS
83.657,Ekaterina ZIMMERMANN
71.957,Roman WEBER
126.222,Valentina DIAZ
55.244,Nadezhda SILVA
7.944,Werner KLEIN
6.087,Tatyana MARTINEZ
79.52,Andrey ROMERO
7.465,Barbara MEYER
62.763,Rosa SHEVCHENKO
43.673,Elena SHEVCHENKO
2.508,Vasylyi SIMON
46.12,Paul PETROVA
78.596,Marie MUÑOZ
117.285,Yuliya GOMEZ
15.058,Christian KRAVCHENKO
15.864,Dmitriy WEBER
36.575,Serhei ROMERO
17.72,Rosa MARIN
73.466,Jean KOVÁCS
83.154,Tomasz KRAVCHENKO
106.873,Marta FERNANDEZ
8.932,Serhei SHEVCHENKO
5.73,Paul GONZALEZ
3.683,Andrey KUZNETSOV
210.698,Giuseppe DIAZ
97.409,Tatiana HERNANDEZ
9.683,Jan PETROV
54.758,Robert SMITH
40.099,Daniel GONZALEZ
4.039,Roman MARTINEZ
42.284,Juan NAVARRO
105.49,Aleksandra RICHTER
31.993,Martin BRAUN
2.395,Serhei KOCH
55.864,Eva BAUER
23.948,Mario KLEIN
4.87,Josef SCHÄFER
10.351,Vladimir BONDARENKO
80.954,Thomas PETROV
50.576,Valentina SANTOS
2.858,Roman ANDERSSON
4.825,Michel WOLF
191.722,Brigitte LOPEZ
4.723,Natalya ROSSI
18.744,Laura KUZNETSOV
151.645,Mária BAUER
41.253,Tatyana FISCHER
6.949,Andrei JOHANSSON
18.273,Svetlana MARIN
202.274,Aleksandr KRAVCHENKO
96.298,Irina BRAUN
50.026,Andrei ZIMMERMANN
13.983,Lyubov NOWAK
3.134,Ana ROBERTS
190.719,Anastasiya JENSEN
2.886,Werner GOMEZ
7.727,Tomasz JONES
29.024,Nadezhda KUZNETSOV
61.409,Anton RAMOS
61.569,Martin RODRIGUEZ
128.113,Vasylyi HERNANDEZ
84.79,Andreas MEIER
219.446,Olha PEREZ
5.404,John ANDERSSON
10.621,Anne MEIER
35.433,Mariya KOCH
35.069,Mikhail MARIN
13.617,Laura NAVARRO
221.81,Ana JOHNSON
25.142,Roman IVANOVA
50.241,Karin SCHMIDT
300.781,Claude KLEIN
40.276,Jose ROSSI
180.065,Mario ALVAREZ
9.335,Roman HUBER
70.195,David NOVIKOVA
8.398,Klaus NAGY
6.311,Marta GOMEZ
346.678,Andrea FERRARI
81.13,Nadezhda NAGY
15.75,Alexander DIAZ
166.385,Claude ROSSI
8.153,Laura HANSEN
48.266,Maria RAMOS
27.256,Michael SILVA
54.587,Andreas BRAUN
4.875,Brigitte KOVALENKO
213.817,Marta RODRIGUEZ
71.03,Dmitriy BECKER
15.674,Natalya COSTA
5.066,Vladymyr KARLSSON
45.859,Tatyana FERNANDEZ
3.49,Rosa RAMOS
895.25,Martin MEIER
29.186,Denis PETROV
18.937,Elisabeth ZIMMERMANN
26.401,Olga MEIER
25.792,Evgeniy MEYER
61.022,Elisabeth WILLIAMS
54.393,Angela SCHULZ
81.06,Thomas MORENO
411.627,Yuliya MARIN
148.763,Karin SMITH
6.817,Richard GARCIA
26.591,Vera SCHÄFER
5.114,Nikolay FERRARI
50.611,Dmitriy COSTA
80.436,John MEIER
7.828,Angela JENSEN
95.334,Francisco RODRIGUEZ
18.367,Evgeniy PETROV
22.237,Francisco NOVIKOVA
103.736,Denis ROMERO
242.609,Ivan BAUER
61.751,Andrei SCHMID
3.77,Andrei PEREZ
85.038,Elena BROWN
11.109,Rosa BROWN
3.075,Peter JOHNSON
3.153,Alexander MAGOMEDOV
21.403,Antonio RUIZ
506.912,Sandra GUTIERREZ
64.291,Oksana EVANS
10.271,Valentyna MEIER
17.375,Pavel BECKER
87.396,Tomasz TORRES
37.411,Mária SCHMID
24.358,Eva VASILEVA
7.018,Christine VOLKOVA
8.377,Mariya JENSEN
468.965,Oksana BAUER
14.054,Ivan BRAUN
28.71,Elisabeth SCHULZ
8.346,Mario MARTINEZ
13.601,Wolfgang SMITH
69.253,Andreas FISCHER
37.9,Igor SILVA
112.841,Laura SMIRNOV
116.534,Tomasz JOHANSSON
7.368,Irina VOLKOVA
12.382,Evgeniy THOMAS
45.488,Alina PEREZ
17.566,Svetlana RICHTER
47.442,Robert PETROVA
16.707,Marie KOCH
25.277,Vladimir SHEVCHENKO
304.228,Paul PEREZ
16.04,Klaus MEYER
127.334,Jan KOCH
76.4,Rosa VARGA
28.514,Lyubov KUZNETSOV
197.303,Petra ROSSI
4.091,Francesco SMIRNOV
12.132,Oksana ROBERTS
12.274,Anna RUIZ
40.522,Ekaterina MOROZOVA
31.215,Josef WOLF
44.273,Nikolay DIAZ
34.738,Lyubov SZABÓ
49.979,Ana VARGA
42.166,Michel SILVA
196.113,Francesco MORENO
106.18,Mikhail KUZNETSOV
29.98,Michel JIMENEZ
8.438,Maryia TORRES
14.664,Giuseppe RAMOS
3.066,Karin RODRIGUEZ
8.918,Vladimir MARTINEZ
43.725,Giuseppe SCHNEIDER
209.651,Aleksandra ROBERTS
132.381,Monika SIMON
25.26,Francesco SMITH
92.9,Jose PEREIRA
20.312,Marie MOROZOVA
186.417,Marie NIELSEN
67.178,Martin ALVAREZ
33.095,Anne NOWAK
187.565,Anna KUZNETSOVA
59.262,Olga ALVAREZ
925.589,Patrick MEIER
128.427,Sergey HOFFMANN
8.996,Andrea SILVA
27.036,Natalya SCHÄFER
29.014,Aleksandr MAGOMEDOV
111.587,Claude LOPEZ
10.959,Alina SCHNEIDER
58.159,Michael ANDERSSON
46.703,Robert ALVAREZ
11.288,Ivan JOHANSSON
10.849,Yuliya SCHÄFER
9.425,Tomasz NOVIKOVA
4.618,Anton JENSEN
41.459,Lyubov KRAVCHENKO
151.694,Olga WILLIAMS
32.958,Alexander BONDARENKO
126.241,Martin WILLIAMS
42.421,Tomasz SMIRNOV
63.414,Vladimir SIMON
3.583,Francisco LOPEZ
97.1,Juan PETROV
33.504,Yuliya PETROVA
54.978,Olha LOPEZ
842.766,Thomas SCHMIDT
44.427,Darya SCHULZ
27.097,Christine JONES
4.84,Rosa JOHNSON
11.538,Anne GONZALEZ
37.036,Hans PEREIRA
293.306,Christian FISCHER
41.948,Francisco KARLSSON
67.796,Mikhail RUSSO
81.565,Pavel TORRES
261.998,Sergey SMIRNOV
694.523,Giovanni BECKER
74.933,Andrea NOWAK
11.908,Jan NOWAK
7.956,Nadezhda JIMENEZ
284.395,Pavel SANTOS
11.274,Igor JONES
8.109,Barbara NAVARRO
70.697,Francesco RAMOS
60.543,Francisco SOKOLOVA
24.735,David GOMEZ
53.32,Nykolai HANSEN
2.574,Yuliya GUTIERREZ
123.794,Darya TÓTH
24.12,Tatiana VARGA
43.256,Barbara RUIZ
83.386,Valentina RICHTER
112.921,Aleksandr SCHMIDT
17.099,Maryia SANTOS
111.13,Jean PAVLOVA
4.398,Aleksey JONES
153.18,Paul MOROZOVA
13.956,Oksana MORENO
13.833,Marina NOVIKOVA
87.513,Nikolay ANDERSSON
112.876,Claude POPOV
31.161,Christine JOHNSON
22.63,Giuseppe PETROV
74.557,Paul SANTOS
29.023,Giuseppe THOMAS
2.348,Natalya GUTIERREZ
13.485,Maksim ALVAREZ
164.459,Roman THOMAS
26.953,Roman COSTA
12.57,Alexander BAUER
102.132,Marta RUIZ
16.506,Maksim VASILEVA
7.435,Denis MEIER
5.114,Sergey SCHÄFER
16.693,Brigitte ALVAREZ
101.831,Andrea GARCIA
94.899,Rosa SCHNEIDER
53.722,Oksana NOVIKOVA
25.194,Marie WOLF
23.23,Anton HUBER
94.972,Maryia TAYLOR
80.136,Manfred IVANOV
64.312,Yuliya KARLSSON
85.169,Yuliya SMIRNOV
225.858,Karin FERREIRA
33.893,Alexander VARGA
7.131,Karin ROMERO
163.327,Maria MUÑOZ
58.373,Aleksandr DIAZ
22.198,Manfred SANCHEZ
72.545,Anne IVANOV
11.377,Jean MÜLLER
7.731,Andreas IVANOV
6.284,Maria KLEIN
63.266,Christian GUTIERREZ
51.37,Valentyna PEREZ
88.206,Irina POPOVA
21.119,Christine MAGOMEDOV
2.815,Vladimir SANTOS
22,Ivan ROMERO
8.715,Ana ZIMMERMANN
16.931,Giuseppe MARTINEZ
81.61,Anna ANDERSSON
30.832,Yvan SMITH
235.401,Vasylyi SOKOLOVA
122.408,Aleksandr POPOV
107.867,Elena SCHMID
57.358,Oksana LOPEZ
33.136,Elisabeth BRAUN
19.017,Karin HUBER
53.521,Andrey GONZALEZ
17.309,Anton ROSSI
188.695,Elena EVANS
182.564,Robert SMIRNOV
140.766,Barbara TORRES
43.837,Francisco PETROV
117.597,Vera DIAZ
92.388,Brigitte SCHÄFER
47.302,Maksim SCHÄFER
17.068,Svetlana LOPEZ
3.13,Giovanni IVANOV
12.076,Aleksey PEREZ
20.708,Marie ALVAREZ
26.652,Anton POPOVA
59.02,Werner KOVÁCS
24.528,Alexander WEBER
248.497,Mária PETROV
10.977,Laura DIAZ
5.155,Nadezhda WILLIAMS
54.091,Piotr SILVA
215.386,Thomas SHEVCHENKO
131.055,Andrei PAVLOVA
143.895,Monika POPOVA
82.902,Tatiana RUSSO
4.037,Nadezhda JONES
19.934,Ekaterina SCHULZ
21.237,Anastasiya EVANS
51.318,Vera GARCIA
77.923,Thomas KOCH
7.509,Lyubov WAGNER
39.161,Maryia TÓTH
41.816,Dmitriy MARIN
10.713,Elisabeth LOPEZ
20.865,Anna MUÑOZ
28.243,Antonio HANSEN
8.85,Valentina NOVIKOVA
12.736,Sergey KOVÁCS
2.791,Valentyna POPOVA
162.762,Karin KLEIN
115.268,Lyubov MÜLLER
183.903,Mariya JONES
83.745,Yuliya SCHNEIDER
100.771,Mariya BAUER
3.364,Dmitriy SIMON
54.152,Aleksey PEREIRA
66.641,Svetlana BROWN
39.939,Rosa ROBERTS
15.782,Claude PEREZ
70.674,Patrick WOLF
11.747,Francisco RAMOS
84.417,Klaus GONZALEZ
75.599,Andrea POPOV
156.063,Marie FERNANDEZ
280.67,David TAYLOR
26.936,Nikolay SCHMIDT
160.791,Igor SANTOS
116.214,Roman KOVÁCS
20.316,Andreas RODRIGUEZ
6.663,Giuseppe BAUER
121.439,Oksana ALONSO
7.28,Tomasz HERNANDEZ
3.868,Igor WILSON
185.596,Giuseppe MARIN
26.506,Nadezhda RUIZ
6.484,Anne MÜLLER
44.405,Andreas MÜLLER
18.228,Anton MOROZOVA
6.027,Eva MORENO
71.795,Tatiana SCHMIDT
132.242,Maria KOVALENKO
83.928,Tomasz GONZALEZ
6.165,Olga SMITH
21.293,Brigitte SCHULZ
129.019,Igor MEYER
21.183,Maksim SCHULZ
4.84,Manfred BRAUN
119.537,John RAMOS
8.751,Ekaterina EVANS
38.882,Sergey WAGNER
172.666,Vladymyr IVANOVA
42.575,Francesco THOMAS
45.692,Darya EVANS
242.039,Tatiana GOMEZ
144.911,Anna HUBER
180.484,Paul LOPEZ
2.624,Irina RODRIGUEZ
17.851,Svetlana PEREZ
35.33,Sergey MARIN
55.172,Christian PAVLOVA
42.117,Mikhail MEYER
110.339,Patrick GUTIERREZ
391.441,Mario PETROVA
204.929,Denis SZABÓ
35.204,Antonio MILLER
77.503,Andrea DAVIES
166.764,Olga MORENO
22.388,Svetlana SMIRNOVA
2.923,Olha ALVAREZ
67.83,Vladimir KARLSSON
15.134,Werner KUZNETSOV
4.842,Yuliya BONDARENKO
203.518,Mária IVANOV
28.743,Juan WILSON
34.727,Tatyana KUZNETSOVA
180.421,Anne KOVÁCS
185.587,Anne SANCHEZ
56.837,Ekaterina PETROV
76.288,Darya MARIN
96.464,Darya VASILEVA
49.832,Svetlana TÓTH
83.736,Olha RUIZ
110.799,Eva SCHÄFER
1.805,Giuseppe GOMEZ
33.111,Klaus RUSSO
23.499,Christian KLEIN
35.252,Thomas WILLIAMS
3.216,Francisco RUIZ
143.811,Vladimir SZABÓ
14.64,Tatyana PAVLOVA
437.476,Robert KOCH
67.567,Monika GOMEZ
21.881,Mikhail SCHMIDT
34.407,Ivan PETROVA
11.484,Jean BONDARENKO
3.039,Anna FERRARI
37.598,Darya NOWAK
92.338,Tomasz ALVAREZ
68.875,Elisabeth FERNANDEZ
147.169,Yvan SMIRNOV
99.32,Laura HOFFMANN
164.806,Manfred KARLSSON
23.476,Aleksey KUZNETSOVA
78.637,Svetlana BRAUN
10.286,Aleksandra JIMENEZ
33.059,Christian SMITH
30.996,Dmitriy NIELSEN
19.335,Patrick ANDERSSON
20.359,Francesco MUÑOZ
6.863,Peter HANSEN
5.759,Werner TÓTH
6.307,Christine POPOV
55.331,Marta SCHMID
43.702,Anna POPOVA
8.989,Michael DAVIES
15.93,Vladimir MOROZOVA
50.149,Klaus RUIZ
28.366,Michel ROMERO
51.931,Evgeniy BONDARENKO
19.357,Antonio PETROV
83.595,Laura GUTIERREZ
99.071,Svetlana WILSON
8.859,Maryia JENSEN
27.201,Andrei GONZALEZ
29.667,Ana POPOVA
36.486,Serhei JENSEN
41.492,Vasylyi JIMENEZ
10.421,Andrei THOMAS
6.075,Christine KOVALENKO
134.305,Manfred PEREIRA
10.327,Irina ZIMMERMANN
24.256,Daniel HUBER
28.719,Manfred PEREZ
6.992,Pavel NAGY
30.958,Mária JOHNSON
174.268,Manfred NOVIKOVA
95.862,Petra BROWN
33.954,Dmitriy PETROV
111.425,Alina JENSEN
4.165,Andrey FERRARI
61.578,Marina ZIMMERMANN
117.037,Mario LOPEZ
7.036,Oksana IVANOV
11.209,Natalya RUSSO
2.304,Elisabeth WEBER
40.215,Dmitriy TÓTH
185.739,Andrei DAVIES
3.921,Maria VARGA
120.997,Olga NIELSEN
81.443,Mariya BROWN
4.313,Werner FERREIRA
67.988,Maryia WILSON
11.684,Eva RUIZ
20.137,Darya JONES
172.068,Sergey EVANS
33.77,Angela ZIMMERMANN
26.236,Anna SANTOS
102.101,Brigitte KRAVCHENKO
15.748,David RUSSO
111.201,Giovanni TAYLOR
17.08,Ekaterina DIAZ
321.882,Sandra TAYLOR
73.283,Roman MARTIN
7.901,Mariya MILLER
106.342,Martin JIMENEZ
158.359,Manfred SANTOS
73.072,Aleksandr MEIER
83.774,Vasylyi NOWAK
6.364,Aleksandr MORENO
25.607,Maria JONES
75.983,Tatiana KARLSSON
15.117,Dmitriy JOHNSON
68.025,Andrea PEREIRA
5.692,Darya BECKER
41.53,Lyubov MEYER
20.786,John MARIN
35.53,Barbara MILLER
6.469,Vladimir JIMENEZ
39.753,Marina SHEVCHENKO
82.49,Claude DAVIES
2.442,Petra RUIZ
57.404,Vladimir LOPEZ
44.035,Yuliya DAVIES
319.996,Andreas HERNANDEZ
42.211,Anne PETROVA
12.558,Andrey ALONSO
153.611,Darya MEIER
103.459,Klaus FERRARI
79.597,Vladymyr NOVIKOVA
13.692,Andreas PETROVA
85.628,Anne HERNANDEZ
19.425,Claude THOMAS
43.131,Anton NIELSEN
64.768,Denis POPOVA
19.288,Marina BECKER
90.692,Marta FERRARI
7.452,Francesco PEREIRA
18.822,Ana ROSSI
2.536,Anton FISCHER
12.322,Piotr JONES
48.148,Brigitte VARGA
110.979,Vladymyr SCHULZ
36.466,Maksim KLEIN
52.447,Hans MARIN
38.52,Marina ALVAREZ
5.594,Lyubov WILLIAMS
33.544,Valentina MÜLLER
16.315,Maksim VARGA
464.002,Vladimir MORENO
47.005,David SMIRNOV
137.756,Barbara ANDERSSON
182.439,Mario HUBER
27.355,Valentyna SCHMID
17.941,Tatiana MEYER
49.568,Darya SHEVCHENKO
150.091,Igor WOLF
21.882,Christine MORENO
5.766,Mariya THOMAS
132.544,Ivan GUTIERREZ
24.515,Evgeniy MEIER
25.024,Brigitte SMITH
653.744,Laura MARTINEZ
13.671,Olha TAYLOR
30.306,Francisco TAYLOR
8.422,Claude MILLER
18.466,Tatyana NOWAK
7.473,Nikolay VARGA
26.523,Alina VASILEVA
98.012,Marie DAVIES
55.539,Svetlana THOMAS
6.204,Christian ANDERSSON
30.739,Dmitriy RODRIGUEZ
315.257,Yuliya WOLF
75.093,Daniel WILSON
91.918,Martin PEREZ
21.171,Evgeniy IVANOVA
25.323,Roman KRAVCHENKO
70.287,Elena KOVALENKO
1.926,Francesco SMIRNOVA
90.48,Karin NOWAK
69.481,Andrey SCHMIDT
47.112,Hans KOCH
85.477,Ana HERNANDEZ
106.547,Olga PEREZ
109.095,Petra ANDERSSON
162.762,Eva SZABÓ
62.224,Roman FERNANDEZ
63.753,Anne RUSSO
3.179,Nadezhda ANDERSSON
26.925,Denis PAVLOVA
18,Francesco FISCHER
79.601,Serhei RICHTER
20.254,Mária SOKOLOVA
25.847,Irina DIAZ
176.854,Anne SMIRNOVA
105.845,Igor HUBER
41.535,Jose SHEVCHENKO
17.245,Michel VARGA
16.252,Antonio MOROZOVA
18.004,Tatiana SCHULZ
355.183,Brigitte VOLKOVA
155.24,Marta POPOVA
37.649,Roman KUZNETSOV
21.888,Robert ALONSO
80.624,Natalya KOVÁCS
33.999,Yvan BRAUN
393.804,Anastasiya THOMAS
24.831,Mária ANDERSSON
2.999,Igor MORENO
14.026,Laura WAGNER
232.213,Christian MEIER
76.84,Antonio MUÑOZ
108.509,Eva KARLSSON
69.171,Hans GOMEZ
28.282,Hans SIMON
11.526,Tatyana KOVÁCS
20.86,Serhei VOLKOVA
19.094,Ekaterina TORRES
19.553,Vladimir MAGOMEDOV
58.262,Yuliya ALONSO
20.95,Alexander SCHNEIDER
193.288,Christian SOKOLOVA
53.159,Maryia SZABÓ
106.376,Sergey RUSSO
241.554,Alexander FERRARI
32.214,Vasylyi TÓTH
38.348,Jose HOFFMANN
16.526,Angela IVANOVA
21.191,Manfred JONES
36.313,Vladimir WOLF
5.686,Mario SANTOS
136.896,Marina DIAZ
35.429,Evgeniy TAYLOR
83.756,Petra VASILEVA
62.91,Aleksandr ROMERO
11.152,Mikhail SOKOLOVA
23.157,Anton NAVARRO
8.314,Peter POPOVA
251.363,Josef RAMOS
41.771,Angela MARIN
14.257,Sergey VOLKOVA
1.467,Juan ROBERTS
8.542,Tomasz BONDARENKO
3.571,Rosa RUSSO
12.742,Nykolai RAMOS
17.698,Thomas KUZNETSOV
4.177,Elisabeth WILSON
59.735,Tatyana SOKOLOVA
78.318,Sergey HERNANDEZ
81.723,Antonio COSTA
193.778,Angela SIMON
138.633,Mario SHEVCHENKO
143.205,Andrei GARCIA
9.03,Brigitte HUBER
71.357,Jan WEBER
37.094,Maksim HUBER
37.529,Andrea WEBER
15.235,Angela MEYER
59.774,Marie VARGA
17.51,Antonio NOVIKOVA
20.353,Anna MARIN
8.426,Jan GOMEZ
11.458,Andrei TÓTH
27.17,Vasylyi ROMERO
24.479,Anton SANTOS
37.178,Ana IVANOVA
28.175,Antonio SIMON
133.505,Nikolay FERNANDEZ
22.184,Francisco RUSSO
114.241,Natalya POPOV
29.363,Darya SZABÓ
6.076,Angela KOCH
273.056,Christian DAVIES
57.248,Werner GONZALEZ
12.522,Vladymyr VARGA
11.046,Nikolay NIELSEN
29.293,Maria NAGY
6.178,Mariya GOMEZ
130.224,Antonio BRAUN
4.018,Aleksandra WILLIAMS
107.723,Mikhail TORRES
30.18,Karin WEBER
152.453,Andreas MORENO
95.594,Yvan BECKER
63.108,Angela SOKOLOVA
48.081,Roman JENSEN
474.734,Karin JOHANSSON
2.626,Mariya RODRIGUEZ
36.623,Giuseppe JIMENEZ
137.46,Nikolay PETROVA
6.58,Valentina GONZALEZ
4.093,Francisco ROBERTS
100.974,Mariya IVANOVA
132.034,Valentyna SILVA
120.468,Sandra SANCHEZ
14.284,Michael ZIMMERMANN
64.083,Paul JONES
51.469,Valentyna EVANS
5.682,Olha ROBERTS
21.625,David HOFFMANN
156.198,Claude SMITH
51.363,Pavel BONDARENKO
9.4,Anton BAUER
4.971,Monika MARTINEZ
210.214,Mikhail HOFFMANN
83.325,David KUZNETSOVA
41.989,Daniel MARTIN
490.079,Lyubov NAVARRO
5.502,Klaus SHEVCHENKO
18.347,Valentyna ZIMMERMANN
9.011,Jose PETROVA
36.413,Nikolay ALONSO
114.297,Daniel RUSSO
120.971,Christine PEREIRA
32.737,Vasylyi THOMAS
11.637,Andreas ROBERTS
31.236,Maryia FERREIRA
13.594,Marina FERNANDEZ
11.859,Juan ANDERSSON
77.489,Aleksandra WEBER
7.951,Marina FERRARI
2.078,Vasylyi SANTOS
44.205,Anton DAVIES
102.938,Marina KOVALENKO
29.779,Andrei MILLER
1.614,Jean HUBER
41.051,Nadezhda TORRES
32.581,Petra ZIMMERMANN
17.083,Maryia MARIN
2.851,Vasylyi FERNANDEZ
41.419,Evgeniy SMIRNOVA
102.939,Karin POPOVA
41.299,Olha VARGA
70.081,Aleksandr KOVALENKO
97.464,Monika SZABÓ
13.906,John BRAUN
18.47,Jose TÓTH
159.971,David ROBERTS
43.97,Irina ROSSI
13.631,Vladymyr SMIRNOVA
3.214,Barbara FISCHER
5.676,Daniel WAGNER
224.706,Olha BRAUN
153.887,Hans ZIMMERMANN
2.675,Richard KOCH
162.864,Irina NOVIKOVA
71.479,Martin MÜLLER
139.391,Marina WILSON
75.621,David IVANOVA
28.222,Maria COSTA
100.02,Marina SCHMID
22.572,Francisco BRAUN
200.899,Andrei WILSON
36.778,Oksana WOLF
27.495,Peter KARLSSON
16.395,Aleksandr RAMOS
165.999,Nadezhda NOVIKOVA
263.166,Tatiana NIELSEN
2.745,Anna ZIMMERMANN
41.887,Klaus SZABÓ
63.167,Tomasz SHEVCHENKO
16.841,Maria MEYER
64.083,Klaus SANCHEZ
96.02,Andrey NAVARRO
3.999,Jean BRAUN
50.629,David JOHANSSON
61.776,Jean POPOVA
443.812,Christian WOLF
166.549,Giuseppe HERNANDEZ
143.675,Aleksandra GARCIA
30.996,Denis COSTA
7.488,Manfred ALONSO
77.364,Elena MARTIN
21.486,Antonio WOLF
117.652,Laura POPOVA
35.918,Aleksey SMIRNOV
75.047,Elena HANSEN
8.215,Marina RAMOS
4.837,Dmitriy ZIMMERMANN
61.875,Rosa MARTIN
34.51,Angela DAVIES
10.695,Marie MAGOMEDOV
19.07,Anne ANDERSSON
112.969,Laura SCHÄFER
22.918,Elena WOLF
109.687,Maryia MORENO
93.319,Josef SANCHEZ
30.721,Ana PAVLOVA
19.432,Anna SCHULZ
18.875,Alina SANTOS
194.68,Mariya PAVLOVA
55.185,Marta MAGOMEDOV
282.263,Yvan KOVÁCS
92.323,Jean RUIZ
33.237,Antonio NOWAK
28.402,Karin FERNANDEZ
6.509,Dmitriy KRAVCHENKO
108.907,Vera GOMEZ
133.909,Ana SCHULZ
47.588,Olha JOHANSSON
9.977,Peter FERNANDEZ
108.369,Robert SCHNEIDER
84.136,Valentyna VARGA
72.18,Werner SIMON
93.503,Pavel KLEIN
23.453,Nikolay HUBER
29.063,Francisco JOHANSSON
300.795,Serhei ZIMMERMANN
92.136,Michel PEREZ
24.667,Robert FERREIRA
9.004,Igor MILLER
57.923,Antonio MEYER
5.646,Werner MUÑOZ
174.148,Mikhail SMITH
7.686,Serhei RUIZ
38.2,Daniel KUZNETSOV
7.374,Evgeniy JONES
45.072,Mária FERRARI
23.42,Denis ANDERSSON
215.991,Natalya NAVARRO
11.42,Karin SOKOLOVA
72.444,Andrei RUSSO
118.193,Francisco KUZNETSOV
16.704,Mikhail DIAZ
36.067,Anna HANSEN
63.073,Wolfgang MOROZOVA
96.734,Darya GARCIA
3.814,Yuliya MILLER
143.893,Manfred VARGA
59.554,Serhei GOMEZ
7.453,Maria MARTINEZ
39.747,Laura BAUER
122.647,Dmitriy MUÑOZ
33.491,Denis BROWN
8.419,Wolfgang KUZNETSOVA
17.495,Antonio GARCIA
148.967,Alexander ROBERTS
30.484,Valentina KLEIN
89.244,Marta SCHMIDT
47.971,Maryia THOMAS
12.804,Werner RUIZ
23.668,Darya SMITH
13.754,Evgeniy JOHNSON
58.118,Jose HERNANDEZ
466.232,Marina PETROV
290.68,Mária NAVARRO
8.607,Laura JENSEN
44.126,Mariya MOROZOVA
21.896,Laura KLEIN
9.666,Francisco COSTA
9.569,Marina THOMAS
9.904,Tatiana SMITH
7.291,Rosa KRAVCHENKO
42.552,Giovanni HUBER
9.56,John DAVIES
49.097,Natalya FERRARI
355.959,Andrey PETROV
26.774,Andrey PEREIRA
38.535,Lyubov FERREIRA
11.949,Hans KUZNETSOV
30.092,Nykolai ZIMMERMANN
25.415,Dmitriy MILLER
3.344,Alexander RODRIGUEZ
5.314,Pavel JONES
2.963,Anne EVANS
21.551,Daniel LOPEZ
3.727,Michel PETROVA
179.371,Richard MAGOMEDOV
13.821,Vladymyr FERREIRA
46.355,Denis PETROVA
127.413,Richard BRAUN
13.657,Karin MORENO
20.394,Manfred WAGNER
83.257,Denis WOLF
13.951,Barbara WILLIAMS
35.111,Olha ROMERO
207.139,Tatyana JIMENEZ
31.239,Aleksandr ANDERSSON
113.861,Juan TÓTH
7.317,Juan GONZALEZ
130.806,Piotr MORENO
63.473,Maryia RICHTER
14.344,Maksim RAMOS
10.382,Patrick BROWN
7.687,Mariya SCHÄFER
119.834,Marta POPOV
778.64,Vladimir SILVA
20.551,Juan KLEIN
3.862,Lyubov VOLKOVA
48.586,Aleksandr SANCHEZ
2.941,Paul VASILEVA
15.953,Anna WEBER
18.811,Paul NAVARRO
34.26,Anastasiya WAGNER
97.37,Peter SOKOLOVA
207.698,Thomas NIELSEN
76.025,Monika TAYLOR
7.758,Andrey IVANOV
14.577,Brigitte MARIN
59.556,Ivan SILVA
8.403,Maksim MARIN
124.453,Jose MORENO
158.1,John COSTA
64.023,Yvan SCHNEIDER
9.151,Barbara KOVÁCS
10.224,Tatiana MARTIN
50.361,Valentyna ROSSI
91.371,Sergey JENSEN
23.498,Daniel RODRIGUEZ
8.96,Aleksandr SMIRNOVA
8.047,Paul NIELSEN
516.886,Andrei TAYLOR
21.623,Werner SCHULZ
52.844,Petra SOKOLOVA
53.425,Tatyana HUBER
24.786,Petra BECKER
17.756,Claude WILSON
180.569,Jose IVANOVA
37.65,Vladymyr WEBER
98.706,Vladimir ANDERSSON
207.815,Karin BECKER
141.308,Yvan MARIN
66.144,Brigitte HANSEN
150.466,Eva NOVIKOVA
11.476,Francesco PAVLOVA
150.381,Thomas KARLSSON
11.003,Maksim HANSEN
55.772,Lyubov FISCHER
37.38,Michael WOLF
20.457,Francesco JONES
27.989,Svetlana SCHÄFER
54.447,Petra RUSSO
37.895,Tatiana WILSON
173.404,Darya FERRARI
4.587,Peter MARTINEZ
76.994,Yvan SIMON
110.764,Alexander THOMAS
40.205,Irina BONDARENKO
5.955,Marta VASILEVA
27.085,Peter GOMEZ
120.728,Angela JOHANSSON
18.92,Andrey FISCHER
32.167,John MARTINEZ
41.625,Vladimir PETROVA
265.635,Maria GUTIERREZ
75.725,Ana SILVA
12.71,Manfred DAVIES
33.063,Elisabeth FERREIRA
31.007,Alina SCHÄFER
60.285,Wolfgang SIMON
137.781,Marina MARIN
24.346,Marina BAUER
36.581,Ivan KUZNETSOVA
40.923,Manfred TAYLOR
63.835,Mario BECKER
146.51,Alexander HUBER
32.905,Andrey JONES
58.054,Francisco WILLIAMS
79.847,Brigitte GOMEZ
3.865,Anne TÓTH
4.981,Maria IVANOVA
50.486,Barbara BONDARENKO
47.471,Rosa IVANOVA
101.329,Alina SCHMIDT
262.791,Natalya VASILEVA
340.334,Petra MARTIN
129.211,Ana NAGY
59.195,Andrey RUSSO
77.785,Richard POPOV
143.327,Richard KUZNETSOV
188.234,Alina RICHTER
132.524,Claude IVANOVA
20.247,Monika MAGOMEDOV
33.714,Oksana POPOVA
10.017,Mikhail KLEIN
78.058,Christian PETROVA
94.573,Vasylyi ALVAREZ
5.35,Antonio WAGNER
111.372,Maksim POPOVA
24.724,John PEREIRA
72.828,Andrei MEYER
91.388,Mario NOVIKOVA
12.747,Andrey FERREIRA
15.826,Anna SMIRNOVA
10.58,David VARGA
698.44,Anton WOLF
31.969,Rosa MUÑOZ
121.217,Anton WILSON
14.774,Igor POPOVA
2.424,Maksim POPOV
2.236,Elena MUÑOZ
5.977,Josef FERRARI
43.7,Brigitte POPOV
11.499,Nykolai FERRARI
72.912,Thomas BRAUN
18.364,Valentina SCHÄFER
124.436,Svetlana FERNANDEZ
78.117,Angela MOROZOVA
53.156,Anastasiya BONDARENKO
58.474,Christine PEREZ
11.857,Sergey SIMON
17.055,Elisabeth THOMAS
3.569,Aleksey SCHNEIDER
6.157,Evgeniy HUBER
118.836,Francesco SCHMID
63.358,Vladimir RUSSO
179.517,Maria PETROV
11.599,Aleksandr MARIN
62.968,Svetlana KOVALENKO
28.07,Yvan NIELSEN
52.894,Mikhail WEBER
8.206,Serhei BECKER
3.211,Maria FISCHER
17.958,Robert WILSON
19.404,Ekaterina WILLIAMS
28.726,Vasylyi FERRARI
53.635,Roman MEYER
23.432,Nikolay PETROV
75.111,Valentyna BONDARENKO
77.226,Darya MORENO
4.039,Sergey PEREZ
126.504,Elena PAVLOVA
12.783,Brigitte PETROV
13.592,Anna WILSON
119.656,Rosa PAVLOVA
71.464,Vera WAGNER
5.36,Rosa PETROVA
57.514,Elena PETROVA
5.102,Vasylyi SCHULZ
13.745,Maryia ALVAREZ
25.898,David ROSSI
101.495,Christine BAUER
34.223,Valentina KUZNETSOVA
37.702,Natalya WEBER
37.37,Mikhail SANTOS
89.08,Ekaterina BONDARENKO
142.284,Tatyana IVANOV
118.869,Patrick SMIRNOVA
56.879,Elisabeth SCHMID
20.814,Ana MAGOMEDOV
19.689,Brigitte SILVA
27.664,Christine WOLF
671.449,Peter JONES
32.94,Pavel RODRIGUEZ
1.382,Aleksey NAVARRO
60.752,Martin FERRARI
5.302,Klaus SANTOS
22.36,Elisabeth EVANS
140.498,Wolfgang TORRES
118.171,Ivan SCHMID
230.365,Monika MÜLLER
20.232,Michael RICHTER
2.383,Irina HERNANDEZ
47.86,Igor PETROVA
84.706,Juan KOVALENKO
18.658,Svetlana FERREIRA
191.767,Antonio ROMERO
98.85,Darya SILVA
11.33,Valentyna DIAZ
29.952,Aleksandra BROWN
36.211,Michael JOHANSSON
28.492,Thomas THOMAS
51.731,Mario JONES
159.033,Klaus BONDARENKO
127.017,Tatyana MARTIN
145.873,Christine ROMERO
131.715,Angela RICHTER
97.513,Angela SILVA
40.689,Michael SHEVCHENKO
265.642,Vera TAYLOR
10.667,Claude PAVLOVA
9.879,Manfred GOMEZ
115.908,Lyubov GUTIERREZ
59.274,Alexander FERREIRA
406.556,Patrick JIMENEZ
16.753,Jean SANCHEZ
233.051,Jean SZABÓ
205.804,Michael MARIN
73.196,Francesco LOPEZ
75.868,Francisco PEREIRA
5.055,Lyubov KARLSSON
5.503,Aleksey NIELSEN
133.911,Dmitriy DAVIES
60.326,Marta MORENO
21.628,Mikhail BRAUN
113.153,Martin SOKOLOVA
88.457,Svetlana KLEIN
125.95,Nadezhda BROWN
5.401,Vera MILLER
16.572,Anton VASILEVA
3.821,Denis SMIRNOV
83.66,Hans SMITH
124.055,Wolfgang IVANOVA
28.539,Valentyna SANTOS
129.081,Barbara SMIRNOVA
26.192,Werner NAGY
2.396,Ekaterina BROWN
54.544,Olga VARGA
295.508,Aleksandra RUIZ
12.663,Andreas PEREZ
20.535,Sandra TÓTH
41.613,Elisabeth NIELSEN
5.876,Andreas JONES
12.295,Jean KUZNETSOV
199.612,Petra MOROZOVA
19.562,Marta NOWAK
39.793,Claude SIMON
65.084,Barbara VASILEVA
30.357,Olha WAGNER
142.916,Peter BROWN
484.966,Mikhail JONES
30.828,Laura ROBERTS
92.198,Jan WOLF
605.213,Elena PEREZ
48.553,Daniel SCHMID
159.55,Claude SCHULZ
52.268,Christian MORENO
79.322,Alina SOKOLOVA
54.145,Francesco RODRIGUEZ
16.389,Wolfgang THOMAS
27.64,Serhei POPOVA
21.279,Jean MUÑOZ
49.115,Denis HOFFMANN
238.22,Robert THOMAS
132.884,Antonio PEREIRA
25.003,Svetlana ALONSO
6.688,Jose NAVARRO
281.185,Ivan DIAZ
17.815,Lyubov RODRIGUEZ
8.068,Valentina WILSON
91.127,Mikhail SMIRNOV
133.937,Christine FERREIRA
13.164,Vasylyi RAMOS
60.19,John SZABÓ
14.784,Robert JOHANSSON
4.508,Piotr SCHULZ
11.75,Jose SCHÄFER
59.037,Sergey DIAZ
74.602,Sandra HOFFMANN
134.827,Igor WEBER
59.058,Michael BAUER
111.714,Barbara HERNANDEZ
135.604,Sergey NAGY
50.88,Juan MARTINEZ
8.416,Aleksandr NAVARRO
68.044,Mikhail JOHNSON
88.962,Vladimir BECKER
8.94,Maksim SZABÓ
34.145,Nadezhda MÜLLER
3.139,Vladymyr SANCHEZ
82.325,Manfred BONDARENKO
12.641,Brigitte SZABÓ
11.38,Anna PETROV
26.408,Vasylyi BROWN
20.092,Paul SCHNEIDER
84.209,Alexander NAGY
84.672,Sergey SANCHEZ
124.187,Laura POPOV
8.508,Angela NOVIKOVA
19.543,Maria KARLSSON
84.692,Piotr JENSEN
10.629,Juan WEBER
65.71,Natalya PEREIRA
30.885,Barbara VARGA
240.793,Tatiana TÓTH
60.273,Alina ROBERTS
127.495,Denis MAGOMEDOV
254.183,Evgeniy NOVIKOVA
13.176,Werner ALVAREZ
16.713,Giovanni SMIRNOVA
27.421,Eva WOLF
84.39,Ekaterina BRAUN
14.304,Maria DIAZ
22.138,Anton JIMENEZ
41.016,Maryia MUÑOZ
44.161,Werner JENSEN
75.577,Nadezhda MORENO
45.956,Dmitriy VARGA
2.617,Richard WOLF
14.355,Maksim MOROZOVA
61.164,Rosa MEIER
7.936,Robert WEBER
28.796,David SCHÄFER
214.402,Thomas DAVIES
3.804,Mikhail MAGOMEDOV
103.549,Michel BROWN
98.134,Mario WOLF
28.284,Peter PEREZ
42.382,Klaus ALONSO
14.475,David KOVALENKO
15.312,Jean SMIRNOV
24.744,Michael SOKOLOVA
154.036,Maria TORRES
196.665,Maksim GUTIERREZ
73.41,Roman JIMENEZ
45.27,Nikolay FERREIRA
39.447,Maryia SCHÄFER
2.963,Olga WILSON
46.703,Vladimir SCHNEIDER
23.21,Michel GONZALEZ
147.919,Rosa RICHTER
200.228,Elena RICHTER
26.063,Sergey BAUER
87.394,Andrea MEYER
99.824,Denis IVANOVA
15.554,Paul JENSEN
28.71,Ekaterina HERNANDEZ
54.562,Oksana SCHÄFER
108.786,Brigitte PAVLOVA
5.783,Robert VASILEVA
33.139,Paul NAGY
57.376,Thomas HANSEN
27.66,Marta PEREIRA
8.581,Mária PEREZ
35.863,Tatiana JOHANSSON
39.971,Anton SZABÓ
21.303,Tomasz WOLF
43.413,Robert KUZNETSOVA
16.54,Mária SMIRNOVA
104.175,Michael MARTIN
145.838,Giovanni BRAUN
8.313,Barbara IVANOVA
48.171,Yuliya COSTA
121.946,Nadezhda BECKER
2.651,Anton ROBERTS
3.81,Petra EVANS
13.158,Alina THOMAS
378.797,Irina DAVIES
3.853,Aleksandra VASILEVA
10.174,Christian RAMOS
69.051,Marta ROMERO
69.963,Nadezhda KRAVCHENKO
33.031,Andrei SOKOLOVA
21.583,Mikhail JENSEN
83.254,Olha KRAVCHENKO
3.692,Tomasz PEREZ
24.629,Dmitriy THOMAS
5.048,Marina SCHÄFER
34.883,Alina KLEIN
6.72,Eva VOLKOVA
5.02,Wolfgang NOVIKOVA
8.843,Paul ROMERO
95.1,Irina JONES
140.157,Dmitriy MARTIN
40.447,Klaus RICHTER
119.573,Maria SILVA
17.622,Michel JOHANSSON
27.817,Brigitte NOVIKOVA
14.33,Nykolai SCHMIDT
20.913,Mária BRAUN
72.031,Mikhail TÓTH
10.219,Karin MEIER
10.341,Richard KLEIN
119.572,Maria PEREIRA
119.234,Jose BONDARENKO
87.904,Vera MORENO
119.435,Wolfgang MUÑOZ
89.235,Christian ROBERTS
12.995,Piotr PEREZ
783.687,Giovanni RODRIGUEZ
27.882,Anne THOMAS
3.029,Sandra RODRIGUEZ
34.921,Laura TORRES
87.589,Maksim MEIER
12.655,Aleksandr SCHNEIDER
190.211,Yvan KARLSSON
77.114,Andrea GONZALEZ
27.607,Jan GONZALEZ
27.187,Juan SCHNEIDER
73.119,Maryia KOVÁCS
68.146,Antonio FERNANDEZ
38.101,Marina NAVARRO
6.591,Eva GONZALEZ
33.015,Thomas KRAVCHENKO
13.279,Mario COSTA
17.683,Vladimir IVANOVA
14.077,Tatyana SZABÓ
143.225,Manfred GARCIA
13.14,Maria KOVÁCS
20.113,Karin SHEVCHENKO
62.842,Francesco MARTIN
23.037,Peter RICHTER
29.939,Josef MARTINEZ
97.714,Valentina NAVARRO
37.805,Lyubov SCHMIDT
16.768,Jean JOHNSON
51.437,Thomas FERNANDEZ
12.833,Angela TAYLOR
9.687,Giovanni MEIER
116.962,Dmitriy GUTIERREZ
241.41,Sandra MEIER
24.294,Nadezhda TÓTH
14.185,Laura RUSSO
13.72,Andrey SANCHEZ
103.302,Lyubov MOROZOVA
171.257,Petra KRAVCHENKO
14.969,Maria SHEVCHENKO
205.118,Antonio SOKOLOVA
49.419,Svetlana GONZALEZ
81.343,Andrei HOFFMANN
28.413,Paul KLEIN
28.187,Dmitriy MOROZOVA
31.152,Tomasz VASILEVA
12.154,Monika VOLKOVA
22.684,Francisco POPOVA
59.457,Tomasz TAYLOR
74.696,Patrick MAGOMEDOV
32.444,Piotr RODRIGUEZ
10.751,Evgeniy SCHMIDT
98.075,Nikolay HERNANDEZ
47.433,John HANSEN
167.719,Jean LOPEZ
796.066,Daniel ANDERSSON
26.678,Svetlana PEREIRA
188.107,Angela SANTOS
13.734,Thomas TÓTH
312.02,Nadezhda NIELSEN
77.898,Jean RODRIGUEZ
18.376,Darya WAGNER
5.552,Yuliya MORENO
11.693,Denis KRAVCHENKO
3.549,Claude SMIRNOVA
76.679,Josef PETROV
4.816,Josef THOMAS
121.805,Tatiana SCHNEIDER
156.091,Sergey ROBERTS
13.902,Lyubov RICHTER
100.579,Roman PAVLOVA
24.294,Maksim FISCHER
68.556,Serhei IVANOVA
42.642,Aleksandr ALVAREZ
14.188,Dmitriy MORENO
2.525,Marta EVANS
26.9,Mikhail ROSSI
30.367,Anastasiya FERNANDEZ
20.987,Mariya ZIMMERMANN
4.533,Ekaterina ANDERSSON
83.275,Robert POPOVA
42.554,Marie KUZNETSOV
38.535,Svetlana TAYLOR
22.692,Ana NOVIKOVA
270.792,Marta RAMOS
44.766,Laura FERREIRA
2.468,Elena SOKOLOVA
11.948,Laura TAYLOR
146.755,Monika VASILEVA
1014.49,Michel POPOV
44.008,Mária HOFFMANN
29.407,Barbara KOCH
23.73,Denis SCHULZ
2.642,Maria SANCHEZ
16.187,Olga NAVARRO
4.823,Klaus KRAVCHENKO
3.564,Jean BROWN
88.381,Martin NAVARRO
3.44,Serhei JOHANSSON
35.051,Barbara SMIRNOV
81.755,Yuliya WILLIAMS
25.281,Yvan SILVA
43.176,Mikhail RUIZ
66.567,Anastasiya POPOVA
22.742,Francisco EVANS
39.988,Valentina SCHULZ
15.097,Mario KOCH
18.752,Brigitte WOLF
68.518,Juan POPOV
8.473,Yvan JIMENEZ
16.206,Daniel MAGOMEDOV
421.744,Laura RICHTER
24.921,Francisco SCHMIDT
149.445,Anton RICHTER
126.063,Richard FERREIRA
186.043,Aleksey VARGA
95.616,Francisco MARIN
80.252,Thomas SMIRNOVA
81.443,Jean NAVARRO
54.594,Jean TAYLOR
35.075,Claude HOFFMANN
43.639,Manfred COSTA
79.243,Pavel SCHMID
33.279,Jose SMIRNOVA
30.508,Andrey JENSEN
364.87,Andrey GARCIA
158.287,Irina MÜLLER
137.779,Anastasiya RUIZ
47.997,Giovanni ALVAREZ
75.108,Mariya MAGOMEDOV
8.556,Sandra ALVAREZ
15.452,Brigitte NOWAK
80.81,Dmitriy KOVÁCS
17.334,Ekaterina MAGOMEDOV
121.982,Tatiana TAYLOR
4.399,Wolfgang GOMEZ
19.787,Maryia NOWAK
3.562,Oksana FISCHER
34.254,Igor BROWN
7.953,Jean NAGY
25.954,Patrick WILLIAMS
11.463,Josef GARCIA
6.955,Barbara MUÑOZ
76.92,Valentyna MORENO
220.577,Sandra HANSEN
22.889,Lyubov KOCH
4.176,Serhei COSTA
21.987,Maryia NAGY
35.892,Piotr KOCH
12.05,Martin BECKER
17.321,Thomas POPOVA
137.652,Jose WILSON
52.274,Darya SCHMIDT
65.333,Vasylyi HUBER
113.611,Oksana KRAVCHENKO
76.688,Roman PEREZ
38.492,Marta SIMON
111.075,Tatiana SZABÓ
23.157,Andrea NAVARRO
42.379,Andrea FERNANDEZ
33.181,Andreas BROWN
50.16,Natalya JIMENEZ
52.836,Petra SHEVCHENKO
48.101,Anne BROWN
122.999,Aleksey FERREIRA
92.958,Anne ROSSI
10.081,Natalya PEREZ
20.007,Jan NAVARRO
12.649,David WOLF
6.342,Rosa ALVAREZ
7.425,Rosa WILLIAMS
85.675,Christine SMIRNOV
49.33,Michel MUÑOZ
184.417,Elena WILLIAMS
138.478,Denis HUBER
51.018,Eva KLEIN
67.746,Mariya SCHMIDT
38.567,Tatiana HOFFMANN
67.252,Brigitte GARCIA
13.652,Tomasz POPOVA
4.637,Aleksey TORRES
36.988,Mario NIELSEN
10.25,Marie ALONSO
10.187,Tomasz SOKOLOVA
97.932,Antonio EVANS
34.202,Anne VASILEVA
66.795,Francisco MAGOMEDOV
27.549,Dmitriy NOVIKOVA
6.662,Andrey HUBER
8.163,Nadezhda NOWAK
226.878,Jean HOFFMANN
11.595,Yvan MILLER
150.571,Maksim ALONSO
232.625,Barbara GARCIA
99.922,Francesco POPOV
177.25,Patrick GOMEZ
175.589,Claude RUIZ
4.711,Anastasiya PEREZ
77.064,Monika HOFFMANN
53.958,Manfred ROMERO
42.778,Karin SANCHEZ
202.412,Laura PETROV
114.836,Robert KLEIN
27.921,Juan RODRIGUEZ
25.937,Manfred FERREIRA
30.033,Wolfgang ALONSO
11.789,John NOWAK
34.479,Aleksey JOHNSON
53.997,Svetlana KARLSSON
3.811,Josef WILSON
35.062,Aleksandr SOKOLOVA
186.792,Elisabeth HOFFMANN
91.115,Francesco SCHMIDT
13.378,Ekaterina KRAVCHENKO
62.006,Marta KLEIN
22.537,Evgeniy MÜLLER
5.256,Marta ANDERSSON
202.477,Mikhail MUÑOZ
41.353,Claude FISCHER
88.628,Maryia POPOVA
17.075,Aleksandra SIMON
60.144,Tatiana FERREIRA
34.159,Francesco NOVIKOVA
64.411,Martin WOLF
22.701,Tomasz SILVA
91.288,Francisco HERNANDEZ
72.204,Olga IVANOV
31.944,Vladimir SCHMIDT
145.882,Christine FERRARI
21.921,Igor PAVLOVA
72.214,Vera FISCHER
22.315,Wolfgang KOCH
1.976,Jose KLEIN
51.916,Oksana NAVARRO
164.686,Hans KRAVCHENKO
52.048,Anne SCHÄFER
75.588,Maryia KUZNETSOV
7.63,Nykolai TAYLOR
4.381,Andreas SCHÄFER
118.833,Ekaterina KUZNETSOV
74.36,Maria FERNANDEZ
29.287,Francisco KLEIN
67.23,Aleksey SMIRNOVA
126.094,Giuseppe JONES
62.648,Michael SIMON
155.089,Elisabeth FISCHER
10.617,Josef KOVALENKO
76.722,Nikolay NOVIKOVA
59.364,Mario FISCHER
16.232,Monika WEBER
31.144,Mária GARCIA
50.678,Alexander SCHÄFER
166.971,Thomas ROMERO
168.983,Dmitriy IVANOVA
4.874,Oksana HERNANDEZ
34.78,Hans NOWAK
22.207,Klaus LOPEZ
4.833,Vasylyi BONDARENKO
2.378,Yuliya SANTOS
19.968,Anton ALVAREZ
39.486,Vasylyi WILSON
635.057,Roman TORRES
9.203,Michael IVANOV
34.297,Mario KUZNETSOVA
129.676,Hans BECKER
11.087,Piotr RAMOS
19.963,Martin RICHTER
38.235,Daniel FERNANDEZ
37.124,Maksim MÜLLER
31.752,Ana RICHTER
66.106,Tatyana NAVARRO
15.531,Andrei WILLIAMS
14.575,Mária KRAVCHENKO
80.971,Valentina VARGA
85.992,Maksim RODRIGUEZ
9.068,Yuliya MEYER
109.108,Maryia WOLF
14.584,Sandra SMITH
14.149,Giovanni SMITH
47.994,Martin JONES
10.922,Mária WEBER
54.937,Evgeniy HANSEN
39.578,Werner BONDARENKO
6.558,Daniel PAVLOVA
6.446,Paul MARTINEZ
2.713,Vasylyi JOHNSON
98.706,Alina SCHULZ
49.967,Robert KOVALENKO
234.705,Barbara BAUER
174.036,Vasylyi PEREIRA
292.146,Lyubov SIMON
64.601,Martin RUSSO
133.715,Klaus RODRIGUEZ
21.613,Anne SCHULZ
96.708,Olga RUSSO
20.057,Michel KOCH
24.744,Maryia GOMEZ
89.21,Marta WILLIAMS
25.93,Giovanni DIAZ
6.256,Karin BRAUN
39.137,Alexander KARLSSON
35.672,Natalya EVANS
199.268,Karin MILLER
119.509,Nadezhda GARCIA
47.08,David SIMON
31.152,Tatiana SANCHEZ
22.72,Brigitte WAGNER
46.788,Christian BAUER
52.683,Alina WEBER
161.911,Werner MOROZOVA
38.894,Jean WILLIAMS
33.439,Vera SCHMID
4.729,Svetlana DAVIES
20.696,Paul FERREIRA
45.913,Klaus ANDERSSON
3.24,Serhei FERNANDEZ
838.535,Piotr ALVAREZ
3.109,Manfred TÓTH
105.38,Nikolay GONZALEZ
22.2,Peter SILVA
11.295,Alina SHEVCHENKO
92.463,John HUBER
24.484,Aleksey MÜLLER
15.9,Valentyna FERRARI
2.244,Svetlana NIELSEN
78.844,Aleksey MEIER
97.93,Robert ROMERO
35.756,Tatiana WAGNER
12.93,Brigitte KOVÁCS
34.727,Monika KLEIN
33.759,Roman JONES
20.554,Valentina JIMENEZ
2.881,Maksim SANCHEZ
63.189,Brigitte SANCHEZ
140.606,Pavel KUZNETSOVA
9.695,Patrick COSTA
72.566,Nadezhda LOPEZ
46.619,Nykolai POPOV
45.361,Maria KOCH
42.473,Nadezhda WOLF
45.523,Valentyna JOHNSON
16.689,Vladymyr NAVARRO
171.829,Vladymyr ALONSO
51.546,Anna KOVALENKO
29.207,Marta MARIN
28.479,Anna SCHMIDT
127.058,Klaus POPOV
20.285,Sergey SCHULZ
6.284,John VASILEVA
47.462,Vladimir IVANOV
66.497,Hans WEBER
38.514,Angela ANDERSSON
30.044,Andrey GOMEZ
77.549,Marta LOPEZ
21.329,Maryia EVANS
144.854,Darya JOHNSON
223.808,Andreas DIAZ
127.995,Igor KARLSSON
19.501,Andrey MUÑOZ
41.867,Anastasiya TÓTH
5.442,Anne DIAZ
15.85,Vladimir VOLKOVA
15.2,Anna WOLF
58.617,Jose MARIN
12.134,Karin PEREIRA
9.189,John GOMEZ
4.833,Serhei MARIN
57.542,Tatyana MILLER
34.151,Klaus NOVIKOVA
55.704,Igor KUZNETSOVA
144.617,Eva KUZNETSOV
92.14,Giuseppe RICHTER
8.186,Aleksandra FERNANDEZ
7.383,Lyubov POPOV
213.141,Tatiana VOLKOVA
47.877,Mario RUSSO
22.773,Marta HOFFMANN
75.459,Robert SIMON
11.574,Francisco SCHMID
174.418,Maria WOLF
42.465,Elena NAGY
20.672,Jean MORENO
10.894,Tatiana RAMOS
157.71,Michael EVANS
122.896,Manfred RAMOS
31.641,Evgeniy ROMERO
75.966,Petra POPOVA
211.183,Vladimir MARIN
5.949,Jean MILLER
180.223,Giuseppe RODRIGUEZ
105.056,Valentina GUTIERREZ
62.018,Andrey KUZNETSOVA
8.626,Roman POPOV
20.05,Daniel WILLIAMS
24.946,Alexander KLEIN
5.111,Wolfgang MEYER
7.675,Ekaterina MÜLLER
41.929,Tatiana HUBER
53.634,Aleksandr MILLER
89.476,Ana NOWAK
74.456,Juan SOKOLOVA
31.64,Lyubov GARCIA
136.391,Marina FISCHER
25.348,Francesco WAGNER
6.52,Vera ROSSI
4.931,Andrei BRAUN
181.267,Robert JONES
102.028,Igor SHEVCHENKO
228.799,Roman WILSON
9.916,Valentina RODRIGUEZ
13.778,Sandra JIMENEZ
3.337,Valentyna BAUER
4.51,Eva PETROVA
221.42,Olha MEYER
105.957,Angela KRAVCHENKO
6.649,Elena IVANOV
37.86,Christian KUZNETSOV
150.383,Werner NOVIKOVA
21.422,Mária PAVLOVA
6.51,Thomas WILSON
46.477,Werner GUTIERREZ
3.175,Rosa IVANOV
78.94,Werner SMIRNOVA
13.435,Angela RAMOS
46.881,Piotr THOMAS
32.07,Giuseppe JOHNSON
158.338,Brigitte HERNANDEZ
67.505,Maksim PETROVA
12.79,Aleksey KARLSSON
149.979,Wolfgang VOLKOVA
33.654,Giovanni ZIMMERMANN
108.359,Sandra ZIMMERMANN
12.847,Anastasiya KUZNETSOV
3.77,Giovanni SHEVCHENKO
7.272,Michael SANCHEZ
41.302,Serhei WEBER
5.73,Monika IVANOV
38.517,Werner VASILEVA
9.551,Andrei JONES
246.75,Lyubov SCHNEIDER
32.526,Dmitriy WILLIAMS
25.178,Marina HANSEN
4.6,David PETROVA
81.769,Anastasiya SCHNEIDER
71.158,Michael NOVIKOVA
887.199,Eva PETROV
20.797,Yuliya JOHANSSON
151.563,Anton ROMERO
21.193,Oksana KOCH
229.657,Olha DIAZ
28.64,Andrea ANDERSSON
81.25,Serhei MEIER
20.206,Klaus THOMAS
34.715,Oksana SMIRNOV
14.824,Jean BAUER
31.174,Roman ZIMMERMANN
3.108,Ivan SCHULZ
13.722,Giovanni MEYER
56.13,Paul MÜLLER
170.524,Nadezhda POPOV
267.886,Vera EVANS
38.284,Richard BROWN
377.459,Thomas NOWAK
2.687,Michael MUÑOZ
37.828,Juan SCHMID
356.984,Valentina ZIMMERMANN
112.125,Ekaterina GOMEZ
22.821,Andrei JOHNSON
12.719,Claude SANCHEZ
115.413,Richard KARLSSON
20.305,Ana PEREZ
69.965,Vladymyr SOKOLOVA
15.236,Valentyna SCHÄFER
2.952,Anton MARTINEZ
110.23,Angela GARCIA
134.208,Paul SILVA
4.753,Giovanni PEREZ
25.095,Richard TÓTH
64.798,Natalya VARGA
18.602,Anton COSTA
68.127,Marta TAYLOR
157.188,Mario SCHMIDT
25.878,Werner JOHANSSON
34.853,Andrea ALVAREZ
114.232,John BAUER
4.917,Eva RAMOS
134.509,Sandra WEBER
4.994,Andrea JENSEN
136.429,Claude NAGY
89.968,Wolfgang TÓTH
174.519,Valentina HOFFMANN
12.796,Giuseppe GARCIA
114.858,Michael RUIZ
29.528,Marie HANSEN
7.419,Tatiana ROBERTS
52.237,Roman SCHÄFER
13.637,Irina SOKOLOVA
52.799,Jose RODRIGUEZ
54.702,Mario KOVÁCS
69.083,Ekaterina SANCHEZ
90.565,Valentina LOPEZ
143.32,Vera NOWAK
165.794,Serhei KOVALENKO
20.585,Jean SIMON
40.971,Vasylyi PAVLOVA
145.598,Josef SMIRNOV
130.247,Elisabeth SCHMIDT
25.696,John KOVÁCS
55.665,Ekaterina RICHTER
36.892,Giuseppe BONDARENKO
41.051,Monika MEIER
10.879,Jan DIAZ
74.996,Giuseppe WEBER
3.332,Nykolai SMIRNOV
6.277,Claude SILVA
31.287,Marina RUSSO
115.555,Jose TORRES
30.117,Thomas KOVÁCS
19.779,Barbara KLEIN
68.56,Jean IVANOVA
2.979,Hans MEYER
60.992,Patrick FERRARI
12.059,Patrick NAVARRO
4.267,Christian NOWAK
56.489,Klaus VASILEVA
4.608,Jan MORENO
7.581,Giuseppe KOCH
18.585,Jean SMITH
4.758,Andrei NIELSEN
4.505,Ivan RICHTER
51.173,Francesco NOWAK
4.207,Serhei BROWN
42.382,Natalya SANTOS
14.664,Pavel PEREZ
58.083,Paul SMIRNOV
24.266,Aleksey THOMAS
371.834,Aleksandr FERNANDEZ
111.019,Elena VASILEVA
13.402,Christian RICHTER
39.713,Evgeniy PAVLOVA
3.728,Ana LOPEZ
312.417,Vera NOVIKOVA
43.11,Christian SCHÄFER
20.307,Petra RICHTER
6.114,Eva GARCIA
226.076,Peter IVANOV
5.699,Vladimir WEBER
335.686,Aleksandr TÓTH
123.694,Daniel SANTOS
19.098,Natalya SHEVCHENKO
25.518,Serhei DIAZ
63.965,Nykolai MARTIN
148.066,Mikhail JOHANSSON
93.466,Aleksandr PETROVA
613.457,Pavel POPOV
40.982,Ekaterina WAGNER
19.121,Mariya BONDARENKO
14.446,Jean RUSSO
10.04,Pavel SOKOLOVA
166.395,Vasylyi IVANOV
10.509,Francisco HOFFMANN
7.947,Karin SCHÄFER
362.088,Mariya GONZALEZ
45.63,Marina MAGOMEDOV
27.614,Serhei NAVARRO
79.249,Mariya RUSSO
731.074,Rosa NIELSEN
74.571,Ana GUTIERREZ
156.607,Sergey THOMAS
6.728,Mikhail ZIMMERMANN
127.975,Eva FERNANDEZ
13.664,Petra SMIRNOVA
32.996,Christine ALONSO
140.632,Olha HOFFMANN
8.916,Dmitriy HUBER
62.653,Piotr RUSSO
38.96,Yuliya PAVLOVA
8.899,Mario POPOV
390.408,Darya HOFFMANN
906.859,Christian KARLSSON
74.973,Marta VARGA
42.802,Ivan PEREZ
37.666,Vladimir MEYER
51.926,Andrea LOPEZ
56.903,Jan LOPEZ
7.681,Anton SCHNEIDER
39.392,Marie SMIRNOVA
3.862,Alina SCHMID
36.95,Evgeniy BROWN
18.715,Daniel PETROV
92.666,Andrei KARLSSON
104.891,Claude KUZNETSOVA
18.622,Vladymyr ROSSI
250.131,Antonio KOVALENKO
80.82,Alina MILLER
11.925,Nadezhda SMIRNOVA
18.899,Michel BECKER
39.39,Thomas SIMON
69.46,Hans THOMAS
247.921,Giuseppe JENSEN
138.556,Lyubov THOMAS
52.848,Ana ANDERSSON
21.548,Natalya NAGY
57.16,Jean MARIN
707.266,Christian MARTINEZ
57.903,Maksim SOKOLOVA
85.359,Monika KOCH
100.339,Petra MARTINEZ
153.167,David BRAUN
15.216,Michel COSTA
37.71,Thomas LOPEZ
10.603,Paul FISCHER
7.143,Giuseppe SMIRNOV
13.875,Vasylyi RODRIGUEZ
41.972,Nikolay KOVÁCS
2.822,Andreas RICHTER
102.209,Tomasz EVANS
54.822,Angela IVANOV
10.964,Claude ALVAREZ
16.676,Ana KOCH
23.315,John WAGNER
27.495,Oksana HUBER
32.518,Anne RICHTER
49.038,Marina SCHMIDT
304.984,Eva MEYER
21.93,Marie SIMON
75.872,Claude RUSSO
9.495,Manfred POPOVA
39.985,John MÜLLER
52.135,Brigitte FERREIRA
7.858,Martin SILVA
80.623,Christian THOMAS
276.8,David SCHULZ
32.606,Aleksey PAVLOVA
2.997,Vasylyi DAVIES
51.141,Valentyna HOFFMANN
6.222,Christian SZABÓ
27.23,Andrea MARIN
205.166,Marta ALVAREZ
17.316,Robert COSTA
88.463,Maryia NOVIKOVA
34.684,Sandra MÜLLER
104.71,Tatiana SCHÄFER
87.857,Jan MARIN
149.66,Wolfgang JONES
128.062,Oksana BONDARENKO
67.07,Piotr BRAUN
59.321,Francesco ALONSO
8.691,Anton SCHULZ
35.486,Mariya RAMOS
59.617,Michel SMIRNOVA
51.878,Maryia ALONSO
5.897,Elena BRAUN
36.675,Yuliya HUBER
227.991,Antonio SCHNEIDER
12.867,Thomas JENSEN
144.132,Werner KOCH
144.92,Christine IVANOV
43.029,Anastasiya BROWN
130.708,Svetlana RUIZ
33.545,Vera SOKOLOVA
230.456,Piotr FERRARI
150.46,Andrei RUIZ
3.908,Antonio JOHNSON
126.149,Ekaterina MEIER
360.653,Karin MUÑOZ
18.699,Patrick DAVIES
127.972,Lyubov TÓTH
113.461,Valentina MILLER
105.143,Antonio BONDARENKO
9.771,Maryia FISCHER
231.943,Darya KOVALENKO
45.849,Maksim ANDERSSON
21.758,Petra ROBERTS
11.432,Natalya JOHANSSON
57.008,Daniel KRAVCHENKO
58.746,Jose HUBER
98.11,Eva NAGY
38.04,Daniel THOMAS
74.11,Serhei HERNANDEZ
7.596,Aleksandra ALVAREZ
8.709,Anna SHEVCHENKO
97.667,Evgeniy RICHTER
73.982,Michel RAMOS
19.285,Piotr WOLF
8.972,Elisabeth ANDERSSON
13.488,Michael KUZNETSOVA
299.413,Richard DIAZ
54.316,Alina MEYER
15.137,Natalya BAUER
68.51,Piotr JOHANSSON
38.586,Ana JIMENEZ
62.592,Igor GUTIERREZ
9.521,Daniel SCHULZ
266.567,Patrick RUSSO
4.044,Robert ROSSI
9.609,Yvan PEREZ
567.466,Elena PEREIRA
161.882,Wolfgang GONZALEZ
279.693,Aleksandra GUTIERREZ
51.88,Tatiana NOVIKOVA
113.595,Tatyana BAUER
68.146,Werner NOWAK
160.026,Piotr KUZNETSOV
74.965,Christine KOCH
239.455,Igor BONDARENKO
4.674,Vera POPOV
139.349,Peter SCHMID
14.976,Antonio ROSSI
15.146,Monika HANSEN
66.053,Patrick ROBERTS
23.351,Sergey KRAVCHENKO
20.483,Jan SCHÄFER
16.913,Nikolay LOPEZ
17.883,Martin KOVÁCS
136.937,Marie SCHNEIDER
5.728,Olga KOVÁCS
34.095,Giuseppe NAGY
22.754,Aleksandr COSTA
27.311,Andrea SCHÄFER
1.935,Roman ALONSO
137.886,Alexander ALVAREZ
203.852,Laura EVANS
102.159,Vladimir SANCHEZ
12.076,Vladymyr POPOV
93.346,Piotr COSTA
92.738,Klaus HUBER
10.713,Lyubov ROBERTS
178.253,Christian VARGA
73.749,Vera ZIMMERMANN
30.318,Nadezhda MARIN
93.751,Karin MARTIN
46.66,Aleksandr MOROZOVA
171.178,Valentina MARIN
5.824,Yvan NOVIKOVA
98.374,Yvan PETROVA
78.535,Alexander POPOVA
20.078,Anastasiya HOFFMANN
40.031,Brigitte EVANS
88.845,Mario FERRARI
301.206,Brigitte TAYLOR
24.404,Claude ROBERTS
3.183,Maksim EVANS
154.051,Eva JOHNSON
32.789,Patrick RODRIGUEZ
38.213,Tatyana JONES
24.595,Yvan TORRES
9.754,Richard FISCHER
6.544,Roman KOVALENKO
25.988,Michel NAGY
224.777,Anna MORENO
23.979,Francesco WILSON
5.792,Vera RAMOS
30.119,Sergey MARTIN
128.793,Manfred ANDERSSON
67.346,Mikhail GUTIERREZ
50.509,Vera WOLF
78.145,Peter MEYER
13.873,Olha FERNANDEZ
19.228,Christian WILSON
48.07,Valentina HANSEN
388.064,Manfred MORENO
14.959,Serhei GUTIERREZ
4.379,Tatiana ALVAREZ
16.831,Petra JONES
104.062,Anton RODRIGUEZ
27.02,Olha MORENO
17.372,Andrey BAUER
238.866,Elena TAYLOR
31.388,Natalya WILSON
233.106,Alina HERNANDEZ
53.929,Aleksandra SMIRNOV
101.371,Thomas JIMENEZ
8.775,Thomas SCHÄFER
43.804,Valentina NOWAK
3.699,Vladimir DIAZ
18.003,Rosa TAYLOR
55.14,Josef SMIRNOVA
7.316,Francesco COSTA
290.059,Piotr MÜLLER
729.173,Mariya SANCHEZ
136.737,Ivan SMIRNOVA
48.733,Claude SCHNEIDER
196.946,Robert GARCIA
27.307,Nikolay SMIRNOV
60.778,Tomasz MARTIN
92.187,Darya PEREZ
66.01,Vladymyr ROMERO
6.822,Monika BONDARENKO
227.883,Michel FERRARI
80.93,Andrey DAVIES
151.407,Daniel BAUER
20.207,Alexander PEREIRA
16.551,Svetlana MEIER
38.609,Francesco WILLIAMS
191.551,Laura JOHANSSON
9.718,Laura NAGY
4.013,Olha JOHNSON
244.657,Marie BAUER
106.681,Valentyna PETROVA
50.14,Andreas HANSEN
5.697,Anne HANSEN
126.616,Yuliya GONZALEZ
36.832,Anton TAYLOR
157.275,Manfred KRAVCHENKO
3.543,Francisco JOHNSON
31.282,Darya FERNANDEZ
142.821,Vladimir NOWAK
109.974,Claude ZIMMERMANN
45.465,Maryia BONDARENKO
14.632,Thomas DIAZ
33.402,Francisco MEIER
28.268,Serhei POPOV
33.939,Andrei ALVAREZ
6.021,Marie ANDERSSON
184.593,Mikhail ALONSO
23.005,Vladymyr JONES
104.124,Jose VOLKOVA
34.804,Svetlana MAGOMEDOV
87.57,Werner RAMOS
217.197,Evgeniy SHEVCHENKO
3.469,Robert GUTIERREZ
53.707,John NOVIKOVA
50.711,Angela WAGNER
72.256,Nikolay KARLSSON
3.969,Werner BAUER
34.007,Alexander LOPEZ
7.102,Natalya BECKER
66.847,Mikhail BROWN
67.47,Ekaterina VASILEVA
3.476,Wolfgang WOLF
37.807,Jose KOVALENKO
142.004,Angela BECKER
57.309,Jan MOROZOVA
263.977,Tomasz KUZNETSOVA
12.43,Vera GONZALEZ
143.496,Aleksandr SMITH
232.433,Nykolai PAVLOVA
9.195,Claude PEREIRA
30.005,Andrea MOROZOVA
61.956,Daniel EVANS
4.955,Igor NOWAK
8.866,Francisco MUÑOZ
43.705,Hans JOHANSSON
112.513,Svetlana JENSEN
16.112,Natalya NOVIKOVA
11.102,Vladimir SMITH
33.176,Paul HERNANDEZ
245.001,Barbara ROMERO
42.891,Rosa BAUER
33.602,Evgeniy HOFFMANN
51.469,Nykolai KLEIN
12.87,Klaus ROMERO
91.669,Daniel MARIN
12.891,Michael RODRIGUEZ
45.615,Alexander ROSSI
16.31,Josef KLEIN
87.321,Klaus BROWN
34.657,Christian EVANS
38.239,Martin IVANOVA
77.7,Francisco MILLER
33.951,Maryia KUZNETSOVA
40.191,Olga IVANOVA
59.505,Michel JENSEN
230.376,Nadezhda WILSON
14.79,Aleksandr NIELSEN
3.767,Klaus SOKOLOVA
87.79,David TÓTH
53.14,Maria WILSON
39.344,Aleksey SCHÄFER
8.783,Nykolai SMITH
5.149,Giuseppe ROMERO
114.121,Mariya MARIN
32.318,John MAGOMEDOV
95.865,Yvan SANTOS
175.561,Angela FERNANDEZ
60.122,Aleksey MILLER
147.297,Petra HERNANDEZ
18.53,Anton JONES
5.37,Andreas NAGY
31.479,Juan MÜLLER
33.671,Elisabeth DAVIES
583.2,Francesco KLEIN
68.996,Mariya LOPEZ
112.827,Svetlana SMITH
165.592,Anne NAGY
99.168,Aleksey BAUER
49.892,Klaus TAYLOR
8.382,Tatyana ALVAREZ
352.111,Martin GOMEZ
153.724,Denis NOWAK
166.906,Valentina JOHANSSON
55.135,Olga GOMEZ
3.258,Daniel KUZNETSOVA
76.133,Anna SCHMID
254.42,Sergey FERNANDEZ
11.985,Denis FERRARI
83.23,Mikhail VASILEVA
28.007,Pavel IVANOVA
23.647,Tomasz VOLKOVA
36.999,Andreas PETROV
14.538,Sandra MUÑOZ
62.078,Lyubov ANDERSSON
7.426,Anna KRAVCHENKO
24.732,Jean TÓTH
23.47,Alexander MÜLLER
7.4,Tatyana RODRIGUEZ
19.036,Mario WEBER
3.572,Juan FERRARI
68.117,Anne SCHMIDT
16.454,Rosa MILLER
63.882,Sandra FERRARI
184.269,Ana KRAVCHENKO
57.03,Vasylyi GARCIA
11.278,Marina RUIZ
44.824,Barbara POPOVA
68.616,Wolfgang KLEIN
16.751,Giovanni FERRARI
73.558,Andrei FERNANDEZ
93.159,Paul JIMENEZ
9.259,Mariya HOFFMANN
92.086,Klaus SIMON
12.59,Piotr WILSON
23.279,Karin GOMEZ
89.618,Mikhail DAVIES
118.89,Wolfgang MORENO
7.459,Alina ALONSO
40.754,Sergey MARTINEZ
18.98,Eva GUTIERREZ
3.663,Pavel MARTIN
6.583,Marie SCHULZ
17.8,Tatyana JOHANSSON
44.996,Angela JIMENEZ
11.602,Josef JOHANSSON
59.311,Marta MILLER
27.554,Paul GOMEZ
186.565,Valentina RUIZ
88.806,Daniel JONES
57.797,Nadezhda MUÑOZ
11.915,Sergey FERRARI
13.914,Barbara HUBER
28.118,Maryia WAGNER
40.32,Werner PEREIRA
88.78,Sergey ZIMMERMANN
18.281,Mario SILVA
12.568,Natalya BROWN
9.229,Jan GUTIERREZ
69.337,Giovanni VARGA
834.092,Andrea GUTIERREZ
45.739,Francesco TÓTH
10.094,Valentina NIELSEN
33.016,Vasylyi ANDERSSON
19.403,Ivan THOMAS
186.802,John MUÑOZ
23.966,Maksim PEREZ
25.181,Andrea NOVIKOVA
6.728,Jan NOVIKOVA
21.33,Lyubov WOLF
32.935,Marina JOHNSON
97.506,Mario PAVLOVA
39.534,Maksim JONES
1.335,Daniel MEIER
39.644,Giuseppe MILLER
3.864,Sandra ALONSO
112.059,Elena ROMERO
37.727,Yvan BONDARENKO
44.655,Pavel ZIMMERMANN
136.545,Andrea MAGOMEDOV
236.919,Thomas RUIZ
73.005,Angela SHEVCHENKO
57.071,Patrick KUZNETSOVA
135.86,Francesco IVANOVA
53.392,Manfred PAVLOVA
99.683,Anastasiya RAMOS
31.069,Giuseppe POPOV
136.012,Martin MARIN
64.861,Eva MÜLLER
43.163,Barbara WOLF
268.367,Wolfgang MARTINEZ
44.753,Daniel BRAUN
16.037,Antonio KLEIN
124.334,Jan WILSON
49.4,Svetlana ROBERTS
116.176,Vera HERNANDEZ
24.638,John SCHÄFER
289.585,Anne FERRARI
32.53,Evgeniy DIAZ
422.114,Jose NOWAK
14.088,Evgeniy KRAVCHENKO
17.073,Evgeniy RUSSO
5.359,Mária SHEVCHENKO
35.67,Maria THOMAS
277.282,Andrey TORRES
18.638,Valentina POPOV
43.263,Maksim KUZNETSOVA
7.742,Thomas WOLF
22.847,Tatiana KRAVCHENKO
32.527,Tomasz WAGNER
7.8,Denis MARTIN
14.08,David SANCHEZ
3.614,Ana MARTINEZ
6.845,Vladymyr KOVALENKO
5.956,Elena SILVA
221.66,Manfred FISCHER
93.901,Natalya JENSEN
21.131,Mikhail SANCHEZ
9.165,Juan MARIN
123.877,Aleksandra PAVLOVA
68.358,Eva SCHNEIDER
33.148,Maryia SCHMIDT
2.5,Lyubov IVANOVA
197.994,Natalya SMIRNOVA
14.294,Rosa ALONSO
18.544,Yuliya TÓTH
79.78,Francisco SCHULZ
43.382,Jose NIELSEN
69.73,Eva FERREIRA
71.007,Igor RICHTER
16.562,Mariya NAVARRO
80.498,Laura FERRARI
10.788,Roman RODRIGUEZ
11.239,Andrea HERNANDEZ
90.384,Andreas SZABÓ
112.935,Anne SZABÓ
21.946,Tatyana WAGNER
45.825,Jose PAVLOVA
199.408,Manfred MARIN
322.873,Sandra SZABÓ
44.412,Francisco JENSEN
32.625,Patrick NOVIKOVA
202.028,Maryia RUIZ
158.042,Aleksey KLEIN
56.471,Andrey PEREZ
4.989,Francesco MÜLLER
558.193,Rosa COSTA
61.937,Denis FISCHER
73.113,Olha JENSEN
364.438,Alexander TORRES
3.706,Nikolay SHEVCHENKO
51.733,Richard MEIER
21.411,Michel RODRIGUEZ
58.538,Ana SCHMID
55.287,Andrea VARGA
17.022,Ekaterina IVANOVA
32.036,Valentyna MEYER
12.291,Paul BAUER
341.801,Andrea ZIMMERMANN
132.618,Nikolay WILSON
30.297,David SILVA
11.572,Paul MAGOMEDOV
14.546,Monika SANTOS
119.847,Nadezhda KUZNETSOVA
2.958,Ana KLEIN
232.103,Francisco ANDERSSON
16.775,Sandra POPOV
123.926,Olha ANDERSSON
52.551,Denis BRAUN
294.237,Maksim KUZNETSOV
73.868,Anton GOMEZ
32.812,Giovanni VASILEVA
31.397,Marie NOWAK
127.904,John NAGY
780.927,Anna MARTINEZ
8.228,Oksana MÜLLER
61.482,Serhei JIMENEZ
8.553,Vasylyi HOFFMANN
57.892,Eva LOPEZ
136.059,Sandra VASILEVA
98.251,Natalya WOLF
10.544,Manfred HERNANDEZ
4.897,Vera HUBER
31.267,Andrey KOVALENKO
14.047,Olga ROSSI
25.021,Denis GOMEZ
44.411,Christian SMIRNOV
11.233,Roman SCHMID
85.182,Martin ROSSI
30.975,Christine NAVARRO
7.897,Eva FISCHER
55.438,Rosa GUTIERREZ
4.375,Francisco POPOV
9.79,Giovanni FERNANDEZ
123.085,Olga ANDERSSON
42.092,Christian MUÑOZ
49.232,Mario ZIMMERMANN
13.328,David VOLKOVA
82.782,Martin ANDERSSON
5.247,Sergey MAGOMEDOV
18.307,Alina SILVA
124.973,Claude SCHMIDT
13.768,Klaus MEIER
82.026,Nikolay TAYLOR
117.41,Anton MILLER
30.865,Brigitte BAUER
54.831,Juan GARCIA
47.656,Aleksey IVANOV
32.021,Jean KARLSSON
11.603,Valentyna SCHULZ
56.007,Vasylyi VOLKOVA
45.888,Josef SOKOLOVA
1.68,Maksim BAUER
174.43,Olha JIMENEZ
220.183,Aleksandr SILVA
40.797,Jean BECKER
17.441,Juan SANCHEZ
94.021,Hans WILLIAMS
5.41,Yvan PEREIRA
172.787,Christine TAYLOR
24.182,Aleksey TÓTH
60.092,Denis NAVARRO
10.801,Michel ALONSO
5.039,Monika NOVIKOVA
66.324,Elisabeth SMITH
9.574,Aleksey PETROV
23.796,Aleksey GOMEZ
42.897,Tomasz WEBER
70.502,Marie NOVIKOVA
148.719,Monika RAMOS
68.339,Jan IVANOVA
15.349,John RUIZ
3.885,David KARLSSON
113.773,Andreas COSTA
96.659,Marta PETROVA
70.575,Werner WEBER
160.967,Oksana JOHANSSON
17.94,Darya MOROZOVA
52.051,Laura JOHNSON
75.306,Paul MORENO
10.683,Anastasiya RUSSO
14.933,Maryia BAUER
83.493,Mária JONES
22.068,Brigitte DAVIES
53.113,Yvan JOHANSSON
123.036,Robert SILVA
132.726,Aleksandr WOLF
12.047,Svetlana BAUER
3.57,Andreas NOVIKOVA
112.151,Tatyana TAYLOR
11.58,Evgeniy ALONSO
87.923,Vladymyr HERNANDEZ
40.979,Barbara VOLKOVA
5.117,Anne NOVIKOVA
623.088,Josef PEREZ
22.03,Nykolai PEREZ
15.041,Lyubov FERRARI
148.842,Aleksandra FISCHER
21.917,Denis RICHTER
58.109,Francesco ROSSI
61.013,Monika ROBERTS
22.773,Peter ROMERO
45.732,Mariya SCHNEIDER
19.684,Mario SZABÓ
11.368,Juan SANTOS
3.445,Alina KUZNETSOV
75.014,Josef DAVIES
55.518,Michel KARLSSON
267.12,Irina KOVÁCS
8.952,Richard ALONSO
8.593,Anton MUÑOZ
147.815,Valentina SCHMID
168.635,Yuliya EVANS
90.395,Robert KOVÁCS
15.973,Tatyana KRAVCHENKO
